{
  "type": "FeatureCollection",
  "name": "明朝 (1368-1644)",
  "period": "明朝",
  "valid_from": 1368,
  "valid_to": 1644,
  "description": "Ming Dynasty territorial extent, circa 1400 CE",
  "features": [
    {
      "type": "Feature",
      "id": "ming_33",
      "properties": {
        "name": "Hainan",
        "admin_level": "empire",
        "year": 1400,
        "source": "historical-basemaps"
      },
      "geometry": {
        "type": "MultiPolygon",
        "coordinates": [
          [
            [
              [
                109.42965224693562,
                18.096622072417162
              ],
              [
                108.93858626793171,
                18.33060225125017
              ],
              [
                108.65192702720906,
                18.482448183257006
              ],
              [
                108.56047347496296,
                19.060296617705248
              ],
              [
                108.57689956138874,
                19.187371813017748
              ],
              [
                108.68497756431843,
                19.295583330351732
              ],
              [
                108.87368300865437,
                19.40395887966814
              ],
              [
                109.19816115806843,
                19.684140764433764
              ],
              [
                109.42011550377156,
                19.659205995757006
              ],
              [
                109.44225600670124,
                19.73547514553728
              ],
              [
                109.5503263802364,
                19.91355665798845
              ],
              [
                109.65765670250202,
                19.901086412627123
              ],
              [
                109.91588118980671,
                19.800006471831225
              ],
              [
                110.06061843345906,
                19.940053545195482
              ],
              [
                110.25832656334187,
                19.940475069243334
              ],
              [
                110.61735061119343,
                20.017461382109545
              ],
              [
                110.88536361168171,
                19.70678290005388
              ],
              [
                110.81180861900593,
                19.630410753447435
              ],
              [
                110.61250594566609,
                19.47118719692888
              ],
              [
                110.4270353646114,
                19.2294193136281
              ],
              [
                110.2987165779903,
                18.898843370634935
              ],
              [
                110.36146834800984,
                18.765576921660326
              ],
              [
                110.26251510093952,
                18.62562712307634
              ],
              [
                110.13131240318562,
                18.58723600979509
              ],
              [
                109.66907027672077,
                18.41473539944353
              ],
              [
                109.42965224693562,
                18.096622072417162
              ]
            ]
          ]
        ]
      }
    },
    {
      "type": "Feature",
      "id": "ming_64",
      "properties": {
        "name": "Tibet",
        "admin_level": "province",
        "year": 1400,
        "source": "historical-basemaps"
      },
      "geometry": {
        "type": "MultiPolygon",
        "coordinates": [
          [
            [
              [
                83.73995815744011,
                28.204841485100737
              ],
              [
                80.05398091946621,
                29.981535549447877
              ],
              [
                79.80756351070187,
                30.709232719747167
              ],
              [
                79.80756351070187,
                31.160874648573557
              ],
              [
                80.07854866799771,
                31.883501734695784
              ],
              [
                79.80756351070187,
                33.057770749644405
              ],
              [
                79.89789189646716,
                34.05138299306247
              ],
              [
                81.25281768294633,
                34.05138299306247
              ],
              [
                81.794787997538,
                34.503024921888866
              ],
              [
                81.79462389462604,
                34.76804767338405
              ],
              [
                82.69337400437699,
                34.743311431831266
              ],
              [
                86.82103604173155,
                35.1118526851665
              ],
              [
                89.91678256974747,
                35.185560935833536
              ],
              [
                90,
                35.62781043983581
              ],
              [
                89.91678256974747,
                35.99635169317104
              ],
              [
                90,
                36.51230944784036
              ],
              [
                91.68578058575658,
                36.36489294650627
              ],
              [
                95.51860962044294,
                37.10197545317673
              ],
              [
                101.68757091375052,
                36.3073807256478
              ],
              [
                102.40610101767813,
                33.720672351508384
              ],
              [
                100.68162876825185,
                28.690961624015074
              ],
              [
                98.63722518394734,
                27.47874220486345
              ],
              [
                98.55070355699716,
                28.2884319812377
              ],
              [
                97.61128834503826,
                28.938796358747705
              ],
              [
                95.08209354361047,
                28.722008232911037
              ],
              [
                91.83027165606045,
                27.276754060666583
              ],
              [
                88.66374230840769,
                26.414279106455098
              ],
              [
                86.23137003639518,
                27.003945111791463
              ],
              [
                83.73995815744011,
                28.204841485100737
              ]
            ]
          ]
        ]
      }
    },
    {
      "type": "Feature",
      "id": "ming_67",
      "properties": {
        "name": "Novgorod",
        "admin_level": "province",
        "year": 1400,
        "source": "historical-basemaps"
      },
      "geometry": {
        "type": "MultiPolygon",
        "coordinates": [
          [
            [
              [
                27.51068758097277,
                57.611431231197855
              ],
              [
                27.56530495689344,
                58.09268697345638
              ],
              [
                27.623828125000017,
                58.0142578125
              ],
              [
                27.678320312500006,
                58.018505859375
              ],
              [
                27.802734375,
                57.990234375
              ],
              [
                27.881640625000017,
                57.93701171875
              ],
              [
                27.875390625000023,
                57.92041015625
              ],
              [
                27.910937500000017,
                57.895751953125
              ],
              [
                27.992089843750023,
                57.868115234375
              ],
              [
                28.10175781250001,
                57.8599609375
              ],
              [
                28.169238281250017,
                57.914501953125
              ],
              [
                28.149218750000017,
                57.974658203124996
              ],
              [
                28.096972656250017,
                58.04443359375
              ],
              [
                27.973046875000023,
                58.1326171875
              ],
              [
                27.865136718750023,
                58.173486328124994
              ],
              [
                27.71435546875,
                58.1642578125
              ],
              [
                27.591796875,
                58.174609375
              ],
              [
                27.577422785785828,
                58.199462054460646
              ],
              [
                27.59019364032712,
                58.311991208011925
              ],
              [
                27.747851562500017,
                58.429931640625
              ],
              [
                27.798144531250017,
                58.446826171875
              ],
              [
                27.82050781250001,
                58.484912109375
              ],
              [
                27.81367187500001,
                58.571337890625
              ],
              [
                27.748437500000023,
                58.912060546875
              ],
              [
                27.683007812500023,
                58.979638671874994
              ],
              [
                27.66628962291961,
                58.98250362220469
              ],
              [
                27.702038797838938,
                59.297504030424975
              ],
              [
                27.893597635729563,
                59.34611090298357
              ],
              [
                28.015851053698313,
                59.454154573637865
              ],
              [
                28.013093027575266,
                59.45822104092302
              ],
              [
                27.973393473131907,
                59.51671179409685
              ],
              [
                27.896657022936594,
                59.53378256436052
              ],
              [
                27.941687616808665,
                59.64759787197771
              ],
              [
                28.094189676745188,
                59.66467627163591
              ],
              [
                28.163104090197336,
                59.590682588774584
              ],
              [
                28.26633742759968,
                59.56222876187029
              ],
              [
                28.350983652575266,
                59.60206183071794
              ],
              [
                28.309100183947336,
                59.66440161343279
              ],
              [
                28.4443636269405,
                59.73374136563005
              ],
              [
                28.662732157213938,
                59.644340120512865
              ],
              [
                28.79593375633503,
                59.67222174282732
              ],
              [
                28.936268839342844,
                59.824550234038256
              ],
              [
                29.076066050036204,
                59.907794557768725
              ],
              [
                29.41362861107136,
                59.860030733305834
              ],
              [
                29.765452417834055,
                59.7362438070363
              ],
              [
                29.963156733019602,
                59.736617647368334
              ],
              [
                30.126639399035227,
                59.80604513760271
              ],
              [
                29.95287421654011,
                59.98558386440935
              ],
              [
                29.68729690025593,
                60.131000124174975
              ],
              [
                28.95431023689028,
                61.62177719660501
              ],
              [
                29.098437500000017,
                61.578369140625
              ],
              [
                29.115136718750023,
                61.6001953125
              ],
              [
                29.265722656250006,
                61.61484375
              ],
              [
                29.289941406250023,
                61.648681640625
              ],
              [
                29.426171875000023,
                61.734375
              ],
              [
                29.47675781250001,
                61.742138671875
              ],
              [
                29.531054687500017,
                61.778173828125
              ],
              [
                29.60986328125,
                61.80205078125
              ],
              [
                29.660058593750023,
                61.826074218749994
              ],
              [
                29.6943359375,
                61.83427734375
              ],
              [
                29.72705078125,
                61.84794921875
              ],
              [
                29.73261718750001,
                61.874072265625
              ],
              [
                29.776953125,
                61.889404296875
              ],
              [
                29.775390625,
                61.9064453125
              ],
              [
                29.75654296875001,
                61.949462890625
              ],
              [
                29.685449218750023,
                62.0037109375
              ],
              [
                29.638085937500023,
                62.004541015624994
              ],
              [
                29.61484375,
                61.983056640624994
              ],
              [
                29.55244140625001,
                62.002832031249994
              ],
              [
                29.4921875,
                62.045751953125
              ],
              [
                29.4697265625,
                62.079980468749994
              ],
              [
                29.492089843750023,
                62.0888671875
              ],
              [
                29.51777343750001,
                62.123095703125
              ],
              [
                29.60664062500001,
                62.144775390625
              ],
              [
                29.687597656250006,
                62.138037109375
              ],
              [
                29.708300781250017,
                62.15107421875
              ],
              [
                29.9111328125,
                62.115185546875
              ],
              [
                29.981542968750006,
                62.1328125
              ],
              [
                29.96044921875,
                62.16376953125
              ],
              [
                29.87373046875001,
                62.18505859375
              ],
              [
                29.79072265625001,
                62.19951171875
              ],
              [
                29.727441406250023,
                62.19931640625
              ],
              [
                29.647851562500023,
                62.223388671875
              ],
              [
                29.599023437500023,
                62.269775390625
              ],
              [
                29.620214843750006,
                62.294287109375
              ],
              [
                29.640625,
                62.309912109375
              ],
              [
                29.687597656250006,
                62.315869140625
              ],
              [
                29.768457031250023,
                62.31298828125
              ],
              [
                29.792578125,
                62.334765625
              ],
              [
                29.801855468750006,
                62.361767578125
              ],
              [
                29.8349609375,
                62.388720703125
              ],
              [
                29.926171875000023,
                62.43359375
              ],
              [
                29.885351562500006,
                62.462744140625
              ],
              [
                29.825,
                62.518115234375
              ],
              [
                29.775683593750017,
                62.577294921874994
              ],
              [
                29.697265625,
                62.609326171875
              ],
              [
                29.632714843750023,
                62.59716796875
              ],
              [
                29.616308593750006,
                62.559375
              ],
              [
                29.592871093750006,
                62.526757812499994
              ],
              [
                29.5888671875,
                62.50029296875
              ],
              [
                29.611718750000023,
                62.461767578125
              ],
              [
                29.650292968750023,
                62.42744140625
              ],
              [
                29.62646484375,
                62.418505859375
              ],
              [
                29.508886718750006,
                62.4669921875
              ],
              [
                29.42158203125001,
                62.52255859375
              ],
              [
                29.363867187500006,
                62.53037109375
              ],
              [
                29.35175781250001,
                62.570556640625
              ],
              [
                29.334570312500006,
                62.60029296875
              ],
              [
                29.279199218750023,
                62.59873046875
              ],
              [
                29.261328125,
                62.550830078125
              ],
              [
                29.3,
                62.475830078125
              ],
              [
                29.296679687500017,
                62.42626953125
              ],
              [
                29.264550781250023,
                62.3935546875
              ],
              [
                29.27802734375001,
                62.348876953125
              ],
              [
                29.2984375,
                62.3126953125
              ],
              [
                29.2984375,
                62.274804687499994
              ],
              [
                29.31904296875001,
                62.2423828125
              ],
              [
                29.35273437500001,
                62.2185546875
              ],
              [
                29.3453125,
                62.185888671875
              ],
              [
                29.330468750000023,
                62.1658203125
              ],
              [
                29.197851562500006,
                62.177148437499994
              ],
              [
                29.13935546875001,
                62.169189453125
              ],
              [
                28.97578125000001,
                62.142431640625
              ],
              [
                28.82578125,
                62.134130859375
              ],
              [
                28.78632812500001,
                62.17724609375
              ],
              [
                28.837304687500023,
                62.185400390625
              ],
              [
                28.85224609375001,
                62.21240234375
              ],
              [
                28.870410156250017,
                62.235009765624994
              ],
              [
                28.835058593750006,
                62.267480468749994
              ],
              [
                28.765039062500023,
                62.3484375
              ],
              [
                28.69257812500001,
                62.38330078125
              ],
              [
                28.665820312500017,
                62.386962890625
              ],
              [
                28.667578125,
                62.368017578125
              ],
              [
                28.699023437500017,
                62.328466796875
              ],
              [
                28.670312500000023,
                62.305859375
              ],
              [
                28.6298828125,
                62.294335937499994
              ],
              [
                28.608496093750006,
                62.27890625
              ],
              [
                28.597081222215575,
                62.26357323034161
              ],
              [
                28.24876033694496,
                62.54185174446604
              ],
              [
                28.274316406250023,
                62.565185546875
              ],
              [
                28.34003906250001,
                62.5771484375
              ],
              [
                28.367089843750023,
                62.587109375
              ],
              [
                28.424218750000023,
                62.57529296875
              ],
              [
                28.481738281250017,
                62.55517578125
              ],
              [
                28.55537109375001,
                62.522607421874994
              ],
              [
                28.56513671875001,
                62.498583984375
              ],
              [
                28.496484375000023,
                62.501416015625
              ],
              [
                28.52890625,
                62.47412109375
              ],
              [
                28.659277343750006,
                62.419970703125
              ],
              [
                28.80976562500001,
                62.381738281249994
              ],
              [
                28.898046875,
                62.39033203125
              ],
              [
                28.79902343750001,
                62.45576171875
              ],
              [
                28.653125,
                62.527246093749994
              ],
              [
                28.26435546875001,
                62.66279296875
              ],
              [
                28.26826171875001,
                62.689208984375
              ],
              [
                28.238867187500006,
                62.705957031249994
              ],
              [
                28.211328125000023,
                62.730029296875
              ],
              [
                28.1806640625,
                62.77177734375
              ],
              [
                28.1494140625,
                62.8037109375
              ],
              [
                28.143945312500023,
                62.825244140625
              ],
              [
                28.186816406250017,
                62.857373046875
              ],
              [
                28.15449218750001,
                62.932958984375
              ],
              [
                28.192187500000017,
                62.963525390624994
              ],
              [
                28.262304687500006,
                62.98359375
              ],
              [
                28.308398437500017,
                63.0029296875
              ],
              [
                28.349707031250006,
                63.025830078125
              ],
              [
                28.351953125000023,
                63.03974609375
              ],
              [
                28.279199218750023,
                63.031396484374994
              ],
              [
                28.1064453125,
                63.008935546874994
              ],
              [
                28.00556640625001,
                63.04033203125
              ],
              [
                27.88818359375,
                63.018896484375
              ],
              [
                27.85107421875,
                63.032080078125
              ],
              [
                27.848437500000017,
                63.07070312499999
              ],
              [
                27.80976562500001,
                63.09228515625
              ],
              [
                27.767382812500017,
                63.099853515625
              ],
              [
                27.73603515625001,
                63.058544921875
              ],
              [
                27.774023437500006,
                62.995703125
              ],
              [
                27.76972656250001,
                62.94560546875
              ],
              [
                27.735383666855704,
                62.95199567490419
              ],
              [
                27.34473324116418,
                63.26409186149677
              ],
              [
                27.346972656250017,
                63.27939453125
              ],
              [
                27.36279296875,
                63.315820312499994
              ],
              [
                27.338183593750017,
                63.346044921875
              ],
              [
                27.296972656250006,
                63.355712890625
              ],
              [
                27.26448255100174,
                63.369923072356755
              ],
              [
                30.603998127121553,
                64.93804540067741
              ],
              [
                34.293414148791086,
                65.39624365444841
              ],
              [
                34.332015070421946,
                65.3455081808156
              ],
              [
                34.425662073595774,
                65.10652502651872
              ],
              [
                34.772864374621165,
                64.68222387905779
              ],
              [
                34.814768824084055,
                64.45981939907732
              ],
              [
                34.88461211632038,
                64.3667713033742
              ],
              [
                35.081763300402415,
                64.28833349819841
              ],
              [
                35.62327102134968,
                64.2535663473195
              ],
              [
                36.01547149132038,
                64.19702490444841
              ],
              [
                36.23997024009968,
                63.91862066860857
              ],
              [
                36.42062285850788,
                63.87610205288591
              ],
              [
                36.98754027794148,
                63.841483675200365
              ],
              [
                37.24650863121296,
                63.784877382475756
              ],
              [
                37.410540613634836,
                63.749496065337084
              ],
              [
                37.59146026085163,
                63.806937776762865
              ],
              [
                37.94491866539265,
                63.850394808012865
              ],
              [
                38.054080042345774,
                63.98631628628435
              ],
              [
                38.05385878990437,
                64.12927588101091
              ],
              [
                37.87985518883015,
                64.30789526577654
              ],
              [
                37.668128046496165,
                64.3433109151906
              ],
              [
                37.46328643272663,
                64.29996069546404
              ],
              [
                37.26195052574421,
                64.3138919698781
              ],
              [
                36.996741327746165,
                64.40655859585466
              ],
              [
                36.56850722740437,
                64.7645755636281
              ],
              [
                36.88390639732624,
                65.0676990377492
              ],
              [
                37.10194304893757,
                65.06812628384294
              ],
              [
                37.60409453819538,
                64.85277136440935
              ],
              [
                38.25292113731648,
                64.70306738491716
              ],
              [
                39.19344237755085,
                64.5110355245656
              ],
              [
                39.62159636925007,
                64.47596319790544
              ],
              [
                39.99705031822468,
                64.54121740933122
              ],
              [
                40.32217315147663,
                64.46293219204607
              ],
              [
                40.43979171226765,
                64.56356390591326
              ],
              [
                40.46206191490437,
                64.75027807827654
              ],
              [
                40.365950617296946,
                64.85792883511247
              ],
              [
                39.979388269884836,
                65.15314062710466
              ],
              [
                39.823103937609446,
                65.43561133022966
              ],
              [
                39.9513273567989,
                65.58116491909685
              ],
              [
                40.036868128283274,
                65.60313757534685
              ],
              [
                40.681407007677805,
                65.79355963345232
              ],
              [
                41.35424712608601,
                65.95517309780779
              ],
              [
                41.62328246544148,
                66.06516607876482
              ],
              [
                42.1334448189571,
                66.3878894674367
              ],
              [
                42.21078780601765,
                66.41000708218279
              ],
              [
                42.41852477501179,
                66.38109930630388
              ],
              [
                43.241431269152415,
                66.25089605923357
              ],
              [
                43.87621978233601,
                66.01096686001482
              ],
              [
                44.02943328331257,
                66.01124914761247
              ],
              [
                44.052840265734446,
                66.04050024624529
              ],
              [
                48.00281681736112,
                64.95215921095321
              ],
              [
                51.26806589738977,
                63.25422968933831
              ],
              [
                53.09660538220581,
                61.49099518612284
              ],
              [
                54.72922992222013,
                58.878795922099926
              ],
              [
                54.92163183184503,
                58.11297299381046
              ],
              [
                47.83201023532538,
                57.81341151790118
              ],
              [
                45.96480886560179,
                57.734515685377644
              ],
              [
                46.04366736934393,
                62.078740020527995
              ],
              [
                45.71714246134106,
                62.20934998372915
              ],
              [
                41.211098730901526,
                61.16447027811998
              ],
              [
                41.211098730901526,
                60.446115480513676
              ],
              [
                40.949878804499235,
                60.18489555411138
              ],
              [
                39.8396941172895,
                60.1195905725108
              ],
              [
                37.88054466927231,
                61.03386031491883
              ],
              [
                37.09688489006543,
                61.16447027811998
              ],
              [
                36.31322511085855,
                60.6420304253154
              ],
              [
                36.24792012925798,
                60.1195905725108
              ],
              [
                38.40298452207689,
                59.27062581170336
              ],
              [
                38.860119393280904,
                58.35635606929534
              ],
              [
                37.74993470607116,
                56.98495145568331
              ],
              [
                36.11731016605684,
                56.72373152928101
              ],
              [
                34.28877068124079,
                57.833916216490756
              ],
              [
                33.50511090203392,
                57.9645261796919
              ],
              [
                32.52553617802532,
                57.899221198091325
              ],
              [
                32.416699735763686,
                57.27845750622241
              ],
              [
                31.281186175604823,
                57.27845750622241
              ],
              [
                30.73811447292015,
                56.98223657748532
              ],
              [
                30.93559509207821,
                56.389794720011125
              ],
              [
                30.815918893176537,
                56.15044232220778
              ],
              [
                30.68874431813063,
                55.89609317211597
              ],
              [
                29.948191996287896,
                56.537905184379674
              ],
              [
                29.05952921007661,
                56.537905184379674
              ],
              [
                28.812678436129033,
                56.88349626790629
              ],
              [
                28.09257247665585,
                56.792404743476695
              ],
              [
                28.017410311051872,
                56.566918246664756
              ],
              [
                27.822714884755612,
                56.72547289814264
              ],
              [
                27.60590255435066,
                56.706888984107934
              ],
              [
                27.51068758097277,
                57.611431231197855
              ]
            ],
            [
              [
                30.29267578125001,
                61.005126953125
              ],
              [
                30.40869140625,
                60.92802734375
              ],
              [
                30.435839843750017,
                60.902685546875
              ],
              [
                30.441210937500017,
                60.8736328125
              ],
              [
                30.455859375000017,
                60.860009765624994
              ],
              [
                30.502050781250006,
                60.843212890625
              ],
              [
                30.527929687500006,
                60.81171875
              ],
              [
                30.533203125,
                60.765527343749994
              ],
              [
                30.525390625,
                60.7388671875
              ],
              [
                30.504492187500006,
                60.731640625
              ],
              [
                30.504003906250006,
                60.703564453125
              ],
              [
                30.52392578125,
                60.65458984375
              ],
              [
                30.53388671875001,
                60.630078125
              ],
              [
                30.66328125000001,
                60.592822265625
              ],
              [
                30.723730468750006,
                60.561767578125
              ],
              [
                30.758593750000017,
                60.52451171875
              ],
              [
                30.774218750000017,
                60.492089843749994
              ],
              [
                30.775976562500006,
                60.448095703125
              ],
              [
                30.803320312500006,
                60.446630859375
              ],
              [
                30.81689453125,
                60.458837890625
              ],
              [
                30.832128906250006,
                60.45751953125
              ],
              [
                30.84912109375,
                60.442626953125
              ],
              [
                30.956835937500017,
                60.263623046875
              ],
              [
                31.018945312500023,
                60.192919921875
              ],
              [
                31.108984375,
                60.146435546875
              ],
              [
                31.11494140625001,
                60.13486328125
              ],
              [
                31.095117187500023,
                60.083740234375
              ],
              [
                31.10595703125,
                60.056298828124994
              ],
              [
                31.142871093750017,
                60.031689453125
              ],
              [
                31.145312500000017,
                60.005517578124994
              ],
              [
                31.06318359375001,
                59.962890625
              ],
              [
                31.042773437500017,
                59.9509765625
              ],
              [
                31.06396484375,
                59.943212890625
              ],
              [
                31.10625,
                59.927685546875
              ],
              [
                31.176367187500006,
                59.92578125
              ],
              [
                31.2744140625,
                59.937646484374994
              ],
              [
                31.34931640625001,
                59.932763671874994
              ],
              [
                31.4013671875,
                59.911328125
              ],
              [
                31.45478515625001,
                59.907177734375
              ],
              [
                31.509765625,
                59.920361328125
              ],
              [
                31.547167968750017,
                59.94013671875
              ],
              [
                31.567187500000017,
                59.966552734375
              ],
              [
                31.565039062500006,
                59.998046875
              ],
              [
                31.540917968750023,
                60.034521484375
              ],
              [
                31.548242187500023,
                60.071875
              ],
              [
                31.6064453125,
                60.133642578125
              ],
              [
                31.605859375000023,
                60.14228515625
              ],
              [
                31.596875,
                60.143798828125
              ],
              [
                31.590625,
                60.15556640625
              ],
              [
                31.598925781250017,
                60.16962890625
              ],
              [
                31.69941406250001,
                60.23564453125
              ],
              [
                31.84326171875,
                60.2478515625
              ],
              [
                32.05712890625,
                60.226513671875
              ],
              [
                32.19609375000002,
                60.195361328125
              ],
              [
                32.26015625000002,
                60.154345703125
              ],
              [
                32.36152343750001,
                60.148095703124994
              ],
              [
                32.50039062500002,
                60.176513671875
              ],
              [
                32.58388671875002,
                60.208935546875
              ],
              [
                32.6123046875,
                60.245361328125
              ],
              [
                32.614355468750006,
                60.285791015624994
              ],
              [
                32.59023437500002,
                60.330224609374994
              ],
              [
                32.59492187500001,
                60.35458984375
              ],
              [
                32.655859375,
                60.3716796875
              ],
              [
                32.67666015625002,
                60.392431640625
              ],
              [
                32.66396484375002,
                60.427099609375
              ],
              [
                32.61787109375001,
                60.4755859375
              ],
              [
                32.59648437500002,
                60.511083984375
              ],
              [
                32.59990234375002,
                60.53349609375
              ],
              [
                32.641699218750006,
                60.536865234375
              ],
              [
                32.72207031250002,
                60.521142578124994
              ],
              [
                32.781835937500006,
                60.488232421875
              ],
              [
                32.81572265625002,
                60.481884765625
              ],
              [
                32.84140625,
                60.497021484375
              ],
              [
                32.90693359375001,
                60.5859375
              ],
              [
                32.9443359375,
                60.642578125
              ],
              [
                32.9365234375,
                60.6703125
              ],
              [
                32.90302734375001,
                60.693505859374994
              ],
              [
                32.84355468750002,
                60.71220703125
              ],
              [
                32.81191406250002,
                60.756494140624994
              ],
              [
                32.80781250000001,
                60.8263671875
              ],
              [
                32.76542968750002,
                60.88603515625
              ],
              [
                32.640722656250006,
                60.96914062499999
              ],
              [
                32.633398437500006,
                60.98671875
              ],
              [
                32.59257812500002,
                60.997607421875
              ],
              [
                32.58056640625,
                61.0138671875
              ],
              [
                32.58125,
                61.044873046875
              ],
              [
                32.56337890625002,
                61.079443359375
              ],
              [
                32.52685546875,
                61.117529296875
              ],
              [
                32.35957031250001,
                61.180517578125
              ],
              [
                31.89863281250001,
                61.323974609375
              ],
              [
                31.870703125,
                61.34736328125
              ],
              [
                31.762304687500006,
                61.383691406249994
              ],
              [
                31.697851562500006,
                61.415478515625
              ],
              [
                31.63691406250001,
                61.462744140625
              ],
              [
                31.620410156250017,
                61.461083984374994
              ],
              [
                31.616503906250017,
                61.44248046875
              ],
              [
                31.619726562500006,
                61.426953125
              ],
              [
                31.603613281250006,
                61.42255859375
              ],
              [
                31.57578125,
                61.43720703125
              ],
              [
                31.533203125,
                61.49736328125
              ],
              [
                31.486132812500017,
                61.550830078125
              ],
              [
                31.36484375,
                61.62744140625
              ],
              [
                31.334082031250006,
                61.62744140625
              ],
              [
                31.32783203125001,
                61.616650390625
              ],
              [
                31.30810546875,
                61.605029296875
              ],
              [
                31.285937500000017,
                61.615234375
              ],
              [
                31.25751953125001,
                61.641064453125
              ],
              [
                31.238183593750023,
                61.643017578125
              ],
              [
                31.172265625000023,
                61.629785156249994
              ],
              [
                31.16064453125,
                61.618701171875
              ],
              [
                31.098437500000017,
                61.620361328125
              ],
              [
                31.071093750000017,
                61.6451171875
              ],
              [
                31.056738281250006,
                61.689208984375
              ],
              [
                31.02587890625,
                61.71435546875
              ],
              [
                30.905664062500023,
                61.742236328125
              ],
              [
                30.895898437500023,
                61.754443359375
              ],
              [
                30.88818359375,
                61.764794921874994
              ],
              [
                30.851953125000023,
                61.775048828124994
              ],
              [
                30.75751953125001,
                61.733447265625
              ],
              [
                30.594335937500006,
                61.605810546875
              ],
              [
                30.593359375,
                61.579492187499994
              ],
              [
                30.61669921875,
                61.560302734375
              ],
              [
                30.605859375000023,
                61.54130859375
              ],
              [
                30.55078125,
                61.53544921875
              ],
              [
                30.5126953125,
                61.5251953125
              ],
              [
                30.486328125,
                61.51494140625
              ],
              [
                30.48066406250001,
                61.4900390625
              ],
              [
                30.466210937500023,
                61.487158203125
              ],
              [
                30.28515625,
                61.5166015625
              ],
              [
                30.23876953125,
                61.51484375
              ],
              [
                30.23486328125,
                61.492626953125
              ],
              [
                30.2515625,
                61.47265625
              ],
              [
                30.252050781250006,
                61.458642578124994
              ],
              [
                30.2373046875,
                61.446337890625
              ],
              [
                30.216894531250006,
                61.43134765625
              ],
              [
                30.2099609375,
                61.41796875
              ],
              [
                30.20087890625001,
                61.38896484375
              ],
              [
                30.179296875,
                61.37265625
              ],
              [
                30.1826171875,
                61.361083984375
              ],
              [
                30.19599609375001,
                61.347802734374994
              ],
              [
                30.19296875,
                61.32724609375
              ],
              [
                30.173925781250006,
                61.3140625
              ],
              [
                30.129980468750006,
                61.31259765625
              ],
              [
                30.09003906250001,
                61.299267578125
              ],
              [
                30.089453125,
                61.270556640625
              ],
              [
                30.094140625000023,
                61.258544921875
              ],
              [
                30.07929687500001,
                61.242626953125
              ],
              [
                30.029101562500017,
                61.2544921875
              ],
              [
                29.94941406250001,
                61.289404296875
              ],
              [
                29.89130859375001,
                61.294970703125
              ],
              [
                29.855078125,
                61.271240234375
              ],
              [
                29.864550781250017,
                61.2509765625
              ],
              [
                29.860156250000017,
                61.239306640625
              ],
              [
                29.836718750000017,
                61.22607421875
              ],
              [
                29.825,
                61.215576171875
              ],
              [
                29.857226562500017,
                61.18798828125
              ],
              [
                30.124902343750023,
                61.087353515625
              ],
              [
                30.29267578125001,
                61.005126953125
              ]
            ],
            [
              [
                36.40556640625002,
                61.4107421875
              ],
              [
                36.37148437500002,
                61.43232421875
              ],
              [
                36.31201171875,
                61.45947265625
              ],
              [
                36.24726562500001,
                61.49326171875
              ],
              [
                36.2001953125,
                61.531201171875
              ],
              [
                36.15908203125002,
                61.571484375
              ],
              [
                36.10869140625002,
                61.611083984375
              ],
              [
                36.060644531250006,
                61.65439453125
              ],
              [
                36.02558593750001,
                61.70361328125
              ],
              [
                35.985449218750006,
                61.755859375
              ],
              [
                35.92558593750002,
                61.806396484375
              ],
              [
                35.870703125,
                61.854833984375
              ],
              [
                35.84296875000001,
                61.901904296875
              ],
              [
                35.818359375,
                61.951074218749994
              ],
              [
                35.74951171875,
                61.999072265625
              ],
              [
                35.68935546875002,
                62.040234375
              ],
              [
                35.674414062500006,
                62.07939453125
              ],
              [
                35.73017578125001,
                62.13916015625
              ],
              [
                35.764257812500006,
                62.20517578125
              ],
              [
                35.800390625,
                62.2814453125
              ],
              [
                35.82265625000002,
                62.352197265624994
              ],
              [
                35.821875,
                62.411767578124994
              ],
              [
                35.80292968750001,
                62.4611328125
              ],
              [
                35.77119140625001,
                62.4958984375
              ],
              [
                35.73984375,
                62.52021484375
              ],
              [
                35.69804687500002,
                62.53759765625
              ],
              [
                35.641210937500006,
                62.555566406249994
              ],
              [
                35.584570312500006,
                62.576025390625
              ],
              [
                35.543554687500006,
                62.599365234375
              ],
              [
                35.51943359375002,
                62.61728515625
              ],
              [
                35.50371093750002,
                62.62470703125
              ],
              [
                35.49501953125002,
                62.619189453125
              ],
              [
                35.48759765625002,
                62.605908203125
              ],
              [
                35.4638671875,
                62.60419921875
              ],
              [
                35.41572265625001,
                62.626708984375
              ],
              [
                35.32597656250002,
                62.666162109374994
              ],
              [
                35.20195312500002,
                62.7052734375
              ],
              [
                35.0830078125,
                62.741162109375
              ],
              [
                35.00576171875002,
                62.772998046875
              ],
              [
                34.958105468750006,
                62.797412109375
              ],
              [
                34.91044921875002,
                62.8154296875
              ],
              [
                34.85488281250002,
                62.825634765625
              ],
              [
                34.78789062500002,
                62.831103515625
              ],
              [
                34.70332031250001,
                62.84423828125
              ],
              [
                34.60537109375002,
                62.87275390625
              ],
              [
                34.53251953125002,
                62.91572265625
              ],
              [
                34.48945312500001,
                62.90361328125
              ],
              [
                34.479589843750006,
                62.873828125
              ],
              [
                34.53554687500002,
                62.81845703125
              ],
              [
                34.583105468750006,
                62.7556640625
              ],
              [
                34.62109375,
                62.712353515625
              ],
              [
                34.658203125,
                62.679931640625
              ],
              [
                34.703710937500006,
                62.643408203125
              ],
              [
                34.7392578125,
                62.6212890625
              ],
              [
                34.77607421875001,
                62.622314453125
              ],
              [
                34.83857421875001,
                62.591162109375
              ],
              [
                34.86796875000002,
                62.610546875
              ],
              [
                34.943359375,
                62.642822265625
              ],
              [
                34.96699218750001,
                62.63896484375
              ],
              [
                35.02373046875002,
                62.613330078125
              ],
              [
                35.09296875000001,
                62.58046875
              ],
              [
                35.14716796875001,
                62.5591796875
              ],
              [
                35.20136718750001,
                62.549658203125
              ],
              [
                35.27089843750002,
                62.54541015625
              ],
              [
                35.35175781250001,
                62.52265625
              ],
              [
                35.43310546875,
                62.468603515625
              ],
              [
                35.49833984375002,
                62.403564453125
              ],
              [
                35.54023437500001,
                62.354248046875
              ],
              [
                35.55859375,
                62.31875
              ],
              [
                35.56718750000002,
                62.287109375
              ],
              [
                35.56386718750002,
                62.26015625
              ],
              [
                35.55351562500002,
                62.2359375
              ],
              [
                35.51826171875001,
                62.210498046875
              ],
              [
                35.45498046875002,
                62.180712890625
              ],
              [
                35.38720703125,
                62.1578125
              ],
              [
                35.34130859375,
                62.1490234375
              ],
              [
                35.28398437500002,
                62.161572265625
              ],
              [
                35.18837890625002,
                62.190234375
              ],
              [
                35.09589843750001,
                62.21806640625
              ],
              [
                35.0458984375,
                62.228759765625
              ],
              [
                35.0517578125,
                62.211572265624994
              ],
              [
                35.09375,
                62.172216796875
              ],
              [
                35.1435546875,
                62.12724609375
              ],
              [
                35.16777343750002,
                62.0966796875
              ],
              [
                35.1650390625,
                62.0806640625
              ],
              [
                35.14960937500001,
                62.07099609375
              ],
              [
                35.11455078125002,
                62.053613281249994
              ],
              [
                35.07490234375001,
                62.053613281249994
              ],
              [
                35.02861328125002,
                62.0779296875
              ],
              [
                34.975683593750006,
                62.117626953125
              ],
              [
                34.92802734375002,
                62.15966796875
              ],
              [
                34.89248046875002,
                62.187060546875
              ],
              [
                34.87080078125001,
                62.219384765624994
              ],
              [
                34.85927734375002,
                62.260400390624994
              ],
              [
                34.85195312500002,
                62.29443359375
              ],
              [
                34.84052734375001,
                62.31005859375
              ],
              [
                34.810546875,
                62.33232421875
              ],
              [
                34.75849609375001,
                62.382568359375
              ],
              [
                34.695898437500006,
                62.44267578125
              ],
              [
                34.640625,
                62.4890625
              ],
              [
                34.5953125,
                62.519091796875
              ],
              [
                34.556640625,
                62.539892578125
              ],
              [
                34.53203125000002,
                62.546289062499994
              ],
              [
                34.52021484375001,
                62.541650390624994
              ],
              [
                34.526953125,
                62.523583984374994
              ],
              [
                34.546972656250006,
                62.49775390625
              ],
              [
                34.59218750000002,
                62.457958984375
              ],
              [
                34.65957031250002,
                62.406298828125
              ],
              [
                34.69560546875002,
                62.36455078125
              ],
              [
                34.68154296875002,
                62.338818359375
              ],
              [
                34.63320312500002,
                62.34833984375
              ],
              [
                34.608984375,
                62.338818359375
              ],
              [
                34.61484375,
                62.304345703124994
              ],
              [
                34.65810546875002,
                62.24521484375
              ],
              [
                34.64697265625,
                62.212646484375
              ],
              [
                34.632421875,
                62.18193359375
              ],
              [
                34.64404296875,
                62.136132812499994
              ],
              [
                34.65322265625002,
                62.108544921874994
              ],
              [
                34.63564453125002,
                62.09501953125
              ],
              [
                34.59140625,
                62.096484375
              ],
              [
                34.51416015625,
                62.119580078125
              ],
              [
                34.4169921875,
                62.158203125
              ],
              [
                34.342871093750006,
                62.19892578125
              ],
              [
                34.32119140625002,
                62.227001953125
              ],
              [
                34.32949218750002,
                62.245703125
              ],
              [
                34.32753906250002,
                62.26396484375
              ],
              [
                34.291601562500006,
                62.29726562499999
              ],
              [
                34.21767578125002,
                62.352294921875
              ],
              [
                34.13691406250001,
                62.414013671875
              ],
              [
                34.08417968750001,
                62.4634765625
              ],
              [
                34.05390625000001,
                62.49453125
              ],
              [
                34.02714843750002,
                62.51181640625
              ],
              [
                34.0029296875,
                62.516064453125
              ],
              [
                33.97871093750001,
                62.515869140625
              ],
              [
                33.95859375,
                62.5099609375
              ],
              [
                33.94404296875001,
                62.50048828125
              ],
              [
                33.940625,
                62.481591796874994
              ],
              [
                33.947265625,
                62.452978515625
              ],
              [
                33.96181640625002,
                62.42509765625
              ],
              [
                33.9775390625,
                62.4080078125
              ],
              [
                34.00332031250002,
                62.40078125
              ],
              [
                34.04238281250002,
                62.396533203125
              ],
              [
                34.09833984375001,
                62.378857421875
              ],
              [
                34.16494140625002,
                62.33916015625
              ],
              [
                34.22255859375002,
                62.293701171875
              ],
              [
                34.25654296875001,
                62.2623046875
              ],
              [
                34.26542968750002,
                62.238232421875
              ],
              [
                34.26210937500002,
                62.210498046875
              ],
              [
                34.25517578125002,
                62.185693359374994
              ],
              [
                34.25517578125002,
                62.1685546875
              ],
              [
                34.294042968750006,
                62.141503906249994
              ],
              [
                34.380957031250006,
                62.092626953125
              ],
              [
                34.47675781250001,
                62.038525390625
              ],
              [
                34.53730468750001,
                61.998974609375
              ],
              [
                34.56630859375002,
                61.968896484374994
              ],
              [
                34.5859375,
                61.937841796875
              ],
              [
                34.59375,
                61.906005859375
              ],
              [
                34.594335937500006,
                61.8740234375
              ],
              [
                34.58291015625002,
                61.846044921875
              ],
              [
                34.56240234375002,
                61.823828125
              ],
              [
                34.53125,
                61.811572265625
              ],
              [
                34.49443359375002,
                61.8076171875
              ],
              [
                34.4453125,
                61.81875
              ],
              [
                34.38466796875002,
                61.843017578125
              ],
              [
                34.33564453125001,
                61.864404296874994
              ],
              [
                34.314550781250006,
                61.868701171875
              ],
              [
                34.32265625000002,
                61.8544921875
              ],
              [
                34.34453125000002,
                61.831201171874994
              ],
              [
                34.38798828125002,
                61.796142578125
              ],
              [
                34.4482421875,
                61.753320312499994
              ],
              [
                34.53144531250001,
                61.704345703125
              ],
              [
                34.629980468750006,
                61.65439453125
              ],
              [
                34.7724609375,
                61.60087890625
              ],
              [
                34.96162109375001,
                61.543408203125
              ],
              [
                35.15390625,
                61.48515625
              ],
              [
                35.30390625000001,
                61.429589843749994
              ],
              [
                35.3984375,
                61.38583984375
              ],
              [
                35.45742187500002,
                61.355908203125
              ],
              [
                35.49462890625,
                61.328955078125
              ],
              [
                35.53691406250002,
                61.292236328125
              ],
              [
                35.577734375,
                61.24638671875
              ],
              [
                35.611425781250006,
                61.197412109374994
              ],
              [
                35.62939453125,
                61.149951171875
              ],
              [
                35.63222656250002,
                61.1078125
              ],
              [
                35.61464843750002,
                61.076123046875
              ],
              [
                35.58339843750002,
                61.034228515625
              ],
              [
                35.52734375,
                61.022802734375
              ],
              [
                35.440625,
                61.062646484374994
              ],
              [
                35.3453125,
                61.07255859375
              ],
              [
                35.25927734375,
                61.066552734374994
              ],
              [
                35.19208984375001,
                61.0689453125
              ],
              [
                35.14199218750002,
                61.077294921874994
              ],
              [
                35.10810546875001,
                61.0916015625
              ],
              [
                35.07998046875002,
                61.108349609375
              ],
              [
                35.06201171875,
                61.125634765624994
              ],
              [
                35.05263671875002,
                61.14111328125
              ],
              [
                35.077734375,
                61.151318359375
              ],
              [
                35.143164062500006,
                61.155810546875
              ],
              [
                35.20771484375001,
                61.1587890625
              ],
              [
                35.231054687500006,
                61.165234375
              ],
              [
                35.20693359375002,
                61.17724609375
              ],
              [
                35.15664062500002,
                61.19365234375
              ],
              [
                35.07470703125,
                61.207080078125
              ],
              [
                34.97421875,
                61.211962890625
              ],
              [
                34.887304687500006,
                61.206103515625
              ],
              [
                34.83808593750001,
                61.19365234375
              ],
              [
                34.81875,
                61.1736328125
              ],
              [
                34.80400390625002,
                61.149560546874994
              ],
              [
                34.79667968750002,
                61.122802734375
              ],
              [
                34.795507812500006,
                61.096484375
              ],
              [
                34.80244140625001,
                61.07353515625
              ],
              [
                34.81494140625,
                61.055029296875
              ],
              [
                34.82851562500002,
                61.038623046875
              ],
              [
                34.84638671875001,
                61.02666015625
              ],
              [
                34.86904296875002,
                61.027001953124994
              ],
              [
                34.89628906250002,
                61.046875
              ],
              [
                34.942480468750006,
                61.07041015625
              ],
              [
                35.02236328125002,
                61.064453125
              ],
              [
                35.092871093750006,
                61.044677734375
              ],
              [
                35.116796875,
                61.022216796875
              ],
              [
                35.132910156250006,
                61.007080078125
              ],
              [
                35.18447265625002,
                61.0048828125
              ],
              [
                35.2548828125,
                61.014599609375
              ],
              [
                35.31611328125001,
                61.028076171875
              ],
              [
                35.36328125,
                61.038232421874994
              ],
              [
                35.39960937500001,
                61.039892578125
              ],
              [
                35.42617187500002,
                61.033154296875
              ],
              [
                35.449804687500006,
                61.022998046875
              ],
              [
                35.47333984375001,
                61.0021484375
              ],
              [
                35.49941406250002,
                60.96982421875
              ],
              [
                35.55058593750002,
                60.93798828125
              ],
              [
                35.63457031250002,
                60.91845703125
              ],
              [
                35.71904296875002,
                60.904541015625
              ],
              [
                35.771582031250006,
                60.88642578125
              ],
              [
                35.80078125,
                60.871826171875
              ],
              [
                35.828710937500006,
                60.86650390625
              ],
              [
                35.855078125,
                60.870507812499994
              ],
              [
                35.88027343750002,
                60.878320312499994
              ],
              [
                35.899023437500006,
                60.889794921874994
              ],
              [
                35.90986328125001,
                60.902490234374994
              ],
              [
                35.90449218750001,
                60.916552734375
              ],
              [
                35.88417968750002,
                60.931103515625
              ],
              [
                35.88027343750002,
                60.94775390625
              ],
              [
                35.91484375000002,
                60.966845703125
              ],
              [
                35.97626953125001,
                60.993896484375
              ],
              [
                36.03681640625001,
                61.0296875
              ],
              [
                36.098730468750006,
                61.062646484374994
              ],
              [
                36.16279296875001,
                61.082763671875
              ],
              [
                36.22412109375,
                61.096484375
              ],
              [
                36.279296875,
                61.113818359375
              ],
              [
                36.325,
                61.135498046875
              ],
              [
                36.363867187500006,
                61.159716796875
              ],
              [
                36.38691406250001,
                61.18408203125
              ],
              [
                36.394628906250006,
                61.20615234375
              ],
              [
                36.38847656250002,
                61.225048828125
              ],
              [
                36.378125,
                61.24189453125
              ],
              [
                36.371191406250006,
                61.2568359375
              ],
              [
                36.373632812500006,
                61.271142578124994
              ],
              [
                36.38007812500001,
                61.28095703125
              ],
              [
                36.38271484375002,
                61.285009765625
              ],
              [
                36.395605468750006,
                61.302099609375
              ],
              [
                36.40839843750001,
                61.319140625
              ],
              [
                36.424902343750006,
                61.34912109375
              ],
              [
                36.42792968750001,
                61.37314453125
              ],
              [
                36.4189453125,
                61.3923828125
              ],
              [
                36.40556640625002,
                61.4107421875
              ]
            ]
          ],
          [
            [
              [
                28.83837890625,
                61.8634765625
              ],
              [
                28.83894010397211,
                61.85642150542215
              ],
              [
                28.835022491165887,
                61.86438930025672
              ],
              [
                28.83837890625,
                61.8634765625
              ]
            ]
          ],
          [
            [
              [
                28.80908203125,
                62.081933593749994
              ],
              [
                28.938867187500023,
                62.104638671874994
              ],
              [
                29.019140625,
                62.124755859375
              ],
              [
                29.102441406250023,
                62.117724609375
              ],
              [
                29.1865234375,
                62.1220703125
              ],
              [
                29.23203125,
                62.12607421875
              ],
              [
                29.322265625,
                62.12958984375
              ],
              [
                29.363183593750023,
                62.104638671874994
              ],
              [
                29.442187500000017,
                62.0376953125
              ],
              [
                29.476953125000023,
                61.966796875
              ],
              [
                29.47421875,
                61.950732421875
              ],
              [
                29.44482421875,
                61.948095703125
              ],
              [
                29.4033203125,
                61.974853515625
              ],
              [
                29.341796875,
                61.97080078125
              ],
              [
                29.327050781250023,
                61.94404296875
              ],
              [
                29.30927734375001,
                61.86953125
              ],
              [
                29.25458984375001,
                61.807470703125
              ],
              [
                29.13691406250001,
                61.775390625
              ],
              [
                28.98974609375,
                61.802148437499994
              ],
              [
                28.944238281250023,
                61.87314453125
              ],
              [
                28.827734375,
                61.962792968749994
              ],
              [
                28.780006454586356,
                61.97628307683942
              ],
              [
                28.728060109753656,
                62.081933593749994
              ],
              [
                28.80908203125,
                62.081933593749994
              ]
            ]
          ],
          [
            [
              [
                27.9859375,
                62.97724609375
              ],
              [
                27.990625,
                62.9775390625
              ],
              [
                28.062109375,
                62.975976562499994
              ],
              [
                28.074804687500006,
                62.93515625
              ],
              [
                28.099414062500017,
                62.8515625
              ],
              [
                28.108789062500023,
                62.78779296875
              ],
              [
                28.108789062500023,
                62.755126953125
              ],
              [
                28.071582031250017,
                62.745751953124994
              ],
              [
                28.0107421875,
                62.775292968749994
              ],
              [
                27.886328125,
                62.834423828125
              ],
              [
                27.84199218750001,
                62.911035156249994
              ],
              [
                27.849414062500017,
                62.951416015625
              ],
              [
                27.903417968750006,
                62.9728515625
              ],
              [
                27.9859375,
                62.97724609375
              ]
            ]
          ],
          [
            [
              [
                35.27363281250001,
                61.8703125
              ],
              [
                35.201757812500006,
                61.8390625
              ],
              [
                35.16035156250001,
                61.858642578125
              ],
              [
                35.17070312500002,
                61.905664062499994
              ],
              [
                35.19560546875002,
                61.987939453124994
              ],
              [
                35.25175781250002,
                62.0796875
              ],
              [
                35.30800781250002,
                62.0765625
              ],
              [
                35.33925781250002,
                62.0328125
              ],
              [
                35.34707031250002,
                61.997802734375
              ],
              [
                35.32578125,
                61.9353515625
              ],
              [
                35.27363281250001,
                61.8703125
              ]
            ]
          ]
        ]
      }
    },
    {
      "type": "Feature",
      "id": "ming_123",
      "properties": {
        "name": "Bulgar Khanate",
        "admin_level": "province",
        "year": 1400,
        "source": "historical-basemaps"
      },
      "geometry": {
        "type": "MultiPolygon",
        "coordinates": [
          [
            [
              [
                28.027539930366416,
                43.37607970541695
              ],
              [
                27.80767973621875,
                43.41604397707838
              ],
              [
                26.904076462982324,
                43.36914287338791
              ],
              [
                23.870551188545758,
                43.20470321285813
              ],
              [
                21.681508598297555,
                43.713304109958806
              ],
              [
                21.684909232330213,
                43.728040190767
              ],
              [
                20.99418346540108,
                44.70007972459091
              ],
              [
                21.358384324327346,
                44.772919896376166
              ],
              [
                22.07673912193365,
                44.4463949883733
              ],
              [
                22.337959048335943,
                44.772919896376166
              ],
              [
                22.664483956338806,
                44.64230993317502
              ],
              [
                22.468569011537088,
                44.38109000677273
              ],
              [
                22.9257038827411,
                44.18517506197101
              ],
              [
                22.9257038827411,
                43.79334517236757
              ],
              [
                23.513448717146257,
                44.054565098769864
              ],
              [
                24.231803514752556,
                43.79334517236757
              ],
              [
                24.623633404356,
                43.98926011716929
              ],
              [
                25.472598165163447,
                43.728040190767
              ],
              [
                26.45217288917204,
                44.250480043571585
              ],
              [
                27.954187465985218,
                44.250480043571585
              ],
              [
                28.084797429186366,
                44.577004951574445
              ],
              [
                27.82357750278407,
                44.838224877976735
              ],
              [
                28.004381162329384,
                45.280670190976714
              ],
              [
                28.01860651185924,
                45.3154810971337
              ],
              [
                28.36834704302339,
                45.33088004715959
              ],
              [
                28.402156507925586,
                45.35938606658693
              ],
              [
                29.06437215319496,
                45.1647497859796
              ],
              [
                29.710764917834055,
                45.25833471890154
              ],
              [
                29.578961405260813,
                45.05750235195818
              ],
              [
                29.457522425158274,
                44.91514929409685
              ],
              [
                29.26158240745808,
                44.8954234945363
              ],
              [
                29.089749369128,
                44.875732027251146
              ],
              [
                28.918236765368235,
                44.76575049038591
              ],
              [
                28.686247858507883,
                44.48805197354021
              ],
              [
                28.57311347435261,
                44.19782217617693
              ],
              [
                28.529885324938547,
                43.843471132475756
              ],
              [
                28.51010611961628,
                43.74307592983904
              ],
              [
                28.480538401110422,
                43.592284761626146
              ],
              [
                28.44569304893757,
                43.476363741118334
              ],
              [
                28.328095468981516,
                43.437526308257006
              ],
              [
                28.18705848167683,
                43.450118623930834
              ],
              [
                28.034638437731516,
                43.39190252896013
              ],
              [
                28.027539930366416,
                43.37607970541695
              ]
            ]
          ]
        ]
      }
    },
    {
      "type": "Feature",
      "id": "ming_210",
      "properties": {
        "name": "Great Khanate",
        "admin_level": "province",
        "year": 1400,
        "source": "historical-basemaps"
      },
      "geometry": {
        "type": "MultiPolygon",
        "coordinates": [
          [
            [
              [
                126.65946741158325,
                37.22184941289351
              ],
              [
                126.39749561396026,
                37.59887519480434
              ],
              [
                126.397491,
                37.598877
              ],
              [
                126.381927,
                37.608887
              ],
              [
                126.373032,
                37.621658
              ],
              [
                126.364151,
                37.720268
              ],
              [
                126.33043197105671,
                37.66143377896013
              ],
              [
                126.0525007576778,
                37.60090597744646
              ],
              [
                125.74116805504109,
                37.78495367642107
              ],
              [
                125.26937392662312,
                37.48468359585466
              ],
              [
                125.07696059654499,
                37.770873628813646
              ],
              [
                124.69365981529499,
                38.13954123135271
              ],
              [
                124.9293547005489,
                38.46493872280779
              ],
              [
                125.29374221275593,
                38.68870123501482
              ],
              [
                125.21087935875202,
                39.211165987212084
              ],
              [
                125.20653823326374,
                39.485282503325365
              ],
              [
                124.85995772789265,
                39.61848028774919
              ],
              [
                124.54809096763874,
                39.541339479643725
              ],
              [
                124.20898726890827,
                39.738326631743334
              ],
              [
                124.10407546470906,
                39.884784303862475
              ],
              [
                123.36642745445515,
                39.749389253813646
              ],
              [
                122.02749160240437,
                39.25575979824724
              ],
              [
                121.48840621422077,
                38.87860449429216
              ],
              [
                121.06533339927937,
                38.7502818929738
              ],
              [
                121.51177504966999,
                39.171859346587084
              ],
              [
                121.44896224449421,
                39.38210257168474
              ],
              [
                121.21334365318562,
                39.48363836880388
              ],
              [
                121.66813186119343,
                39.90540655728044
              ],
              [
                122.03651717613484,
                40.264037691313646
              ],
              [
                122.08235457847859,
                40.48801382656755
              ],
              [
                121.42673018883015,
                40.86432608242693
              ],
              [
                121.08527663658406,
                40.85723456021013
              ],
              [
                120.78842452476765,
                40.68381460781755
              ],
              [
                120.11272719810749,
                40.0811038839406
              ],
              [
                119.54778579185749,
                39.933044038969896
              ],
              [
                119.21067336509968,
                39.63902624722185
              ],
              [
                119.09059432457234,
                39.339103304106615
              ],
              [
                118.78126815269734,
                39.16635855313005
              ],
              [
                118.41243270347859,
                39.05088003750505
              ],
              [
                118.06992629478718,
                39.2541881429738
              ],
              [
                117.75288680504109,
                39.20253714199724
              ],
              [
                117.43950179527546,
                38.60277136440935
              ],
              [
                117.58946517418171,
                38.28448065396013
              ],
              [
                118.20027450035359,
                38.04361303921404
              ],
              [
                118.87524703453327,
                37.949428163725756
              ],
              [
                118.81164840172077,
                37.446132265288256
              ],
              [
                118.9546003670528,
                37.07711752529802
              ],
              [
                119.59885695884968,
                37.11661871548357
              ],
              [
                120.16939071129109,
                37.57625540371599
              ],
              [
                120.6581144661739,
                37.73646505947771
              ],
              [
                121.18977645347859,
                37.42548330898943
              ],
              [
                121.89484694908406,
                37.37596472378435
              ],
              [
                122.26948836754109,
                37.30032309170427
              ],
              [
                122.28126815269734,
                36.98200567837419
              ],
              [
                121.98012832115437,
                36.822249971587084
              ],
              [
                121.60988143394734,
                36.834228121001146
              ],
              [
                120.53731063316609,
                36.386519991118334
              ],
              [
                120.26971724937702,
                35.98509558315935
              ],
              [
                120.19649032066609,
                36.156737886626146
              ],
              [
                119.91377547691609,
                36.14344366665544
              ],
              [
                119.90734389732624,
                35.768058382231615
              ],
              [
                119.06016066978718,
                35.04126700039568
              ],
              [
                119.02086165855671,
                34.6919322835988
              ],
              [
                119.62047866295124,
                34.369384371001146
              ],
              [
                120.14943221519734,
                33.894332491118334
              ],
              [
                120.64058974693562,
                33.04462393398943
              ],
              [
                120.66086104820515,
                32.543117128569506
              ],
              [
                121.05076125572468,
                32.328048311430834
              ],
              [
                121.48366836021687,
                31.948009096342943
              ],
              [
                121.64503768394734,
                31.688027940947435
              ],
              [
                121.26826766441609,
                31.452338777739428
              ],
              [
                121.49887374351765,
                31.28138693447771
              ],
              [
                121.6318693489864,
                30.7927680837697
              ],
              [
                121.32843306968952,
                30.69054754849138
              ],
              [
                120.60866836021687,
                30.346181474882982
              ],
              [
                119.94366744468952,
                30.116218172270678
              ],
              [
                120.43786147545124,
                29.99661024685564
              ],
              [
                121.08252242515827,
                30.213830553252123
              ],
              [
                121.3912687630489,
                29.922397218901537
              ],
              [
                121.77031997154499,
                29.834281526762865
              ],
              [
                121.67039016197468,
                29.624536119658373
              ],
              [
                121.36191085289265,
                29.4143501150197
              ],
              [
                121.55819991539265,
                29.357616029936693
              ],
              [
                121.56675246666218,
                29.173480592924975
              ],
              [
                121.3458357186153,
                28.544379793364428
              ],
              [
                121.25970748375202,
                28.182250581938646
              ],
              [
                121.00856307457234,
                28.276980959135912
              ],
              [
                120.68650344322468,
                27.86989554043474
              ],
              [
                120.40887740562702,
                27.310491167265795
              ],
              [
                120.08409408043171,
                26.985940538603685
              ],
              [
                119.85703566978718,
                26.706031404692553
              ],
              [
                119.42890456627156,
                26.590831361967943
              ],
              [
                119.43603042076374,
                26.03833922024431
              ],
              [
                119.42860701988484,
                25.650926195341967
              ],
              [
                119.0958586067989,
                25.440650545317553
              ],
              [
                118.94535354088093,
                25.135495744902514
              ],
              [
                118.53120711754109,
                24.690036379057787
              ],
              [
                118.12423995445515,
                24.53039129849138
              ],
              [
                117.86126235435749,
                24.510774217802904
              ],
              [
                117.84909347008015,
                24.047095857817553
              ],
              [
                117.4058943123653,
                23.6904731618947
              ],
              [
                116.96271041343952,
                23.556155763823412
              ],
              [
                116.4520597786739,
                23.250201784331225
              ],
              [
                116.40021804283406,
                22.983321748930834
              ],
              [
                116.08469680259968,
                22.8873782980031
              ],
              [
                115.70670607994343,
                22.638873659331225
              ],
              [
                115.30879500816609,
                22.771407686430834
              ],
              [
                115.04353621910359,
                22.599364839751146
              ],
              [
                114.5587492317989,
                22.46494825955095
              ],
              [
                114.30387404869343,
                22.64860113735857
              ],
              [
                113.84516433189656,
                22.463439546782396
              ],
              [
                113.53598311851765,
                22.704146944243334
              ],
              [
                113.3766203255489,
                22.646646105009935
              ],
              [
                113.39908889244343,
                22.475192629057787
              ],
              [
                113.28367904136921,
                22.03033026333513
              ],
              [
                112.87131026695515,
                22.061215959746264
              ],
              [
                112.81533339927937,
                21.826074205595873
              ],
              [
                112.47251418541218,
                21.73007734890642
              ],
              [
                112.03952315758015,
                21.65928991909685
              ],
              [
                111.73399642418171,
                21.70945509548845
              ],
              [
                111.43422225425984,
                21.461099230009935
              ],
              [
                110.74959853599812,
                21.37706335659685
              ],
              [
                110.36344436119343,
                21.242852770048998
              ],
              [
                110.23382094810749,
                21.25528486843767
              ],
              [
                110.07242873619343,
                20.91828878994646
              ],
              [
                110.29317000816609,
                20.582110964018725
              ],
              [
                110.43365767906452,
                20.436297975737475
              ],
              [
                109.9282560677364,
                20.2446723806447
              ],
              [
                109.60293105552937,
                20.87918051357927
              ],
              [
                109.78676131675984,
                21.406783662993334
              ],
              [
                109.51607802818562,
                21.596772752959154
              ],
              [
                109.32187941978718,
                21.4312015401906
              ],
              [
                108.81303695152546,
                21.493642412382982
              ],
              [
                108.46664718101765,
                21.78510435696306
              ],
              [
                108.38727096031452,
                21.53085287686052
              ],
              [
                108.11670211265827,
                21.498511873442553
              ],
              [
                107.87561324547077,
                21.462068163115404
              ],
              [
                107.41781142662312,
                21.18578680630388
              ],
              [
                106.23413332193499,
                21.69657754222363
              ],
              [
                102.97995917115581,
                20.966465635065923
              ],
              [
                101.657367324407,
                19.661170456991734
              ],
              [
                100.43059829185749,
                20.226214967924975
              ],
              [
                100.24482253502156,
                20.383876405913256
              ],
              [
                101.00763564981274,
                21.423474663076533
              ],
              [
                100.50179668952718,
                24.313983007565444
              ],
              [
                98.59203139454138,
                25.75815164462812
              ],
              [
                100.68162876825185,
                28.690961624015074
              ],
              [
                101.68757091375052,
                36.3073807256478
              ],
              [
                91.68578058575658,
                36.36489294650627
              ],
              [
                89.91678256974747,
                35.99635169317104
              ],
              [
                89.91678256974747,
                35.185560935833536
              ],
              [
                82.69337400437699,
                34.743311431831266
              ],
              [
                81.25281768294633,
                35.31598039377637
              ],
              [
                90,
                43.89717704147783
              ],
              [
                93.80846330432006,
                48.05228278668065
              ],
              [
                93.26649298972838,
                49.136223415863995
              ],
              [
                90,
                50.07330645934762
              ],
              [
                109.07678326070727,
                57.59886405724852
              ],
              [
                126.43676989997174,
                54.917240104841824
              ],
              [
                136.77021316002157,
                53.695357881743334
              ],
              [
                137.38286879967,
                53.809806429106615
              ],
              [
                137.12172988365438,
                53.58943899746599
              ],
              [
                137.2392378182247,
                53.45651587124529
              ],
              [
                138.23403457115438,
                53.571586214262865
              ],
              [
                138.416804346545,
                54.091910921294115
              ],
              [
                139.05166152427938,
                54.08645971890154
              ],
              [
                139.80591872642782,
                53.961146913725756
              ],
              [
                140.32129958580282,
                53.53564795132341
              ],
              [
                140.8936567635372,
                53.197433077055834
              ],
              [
                141.08967116783407,
                52.98512228604021
              ],
              [
                141.03197768638876,
                52.726073824126146
              ],
              [
                140.93949416588094,
                52.261771761137865
              ],
              [
                141.2570600838497,
                52.10346182461443
              ],
              [
                140.96988967369344,
                51.6927982198781
              ],
              [
                140.40453628013876,
                50.827384554106615
              ],
              [
                140.34884170006063,
                50.41921957607927
              ],
              [
                140.37220290611532,
                49.69127997036638
              ],
              [
                140.1465864510372,
                48.72439535732927
              ],
              [
                139.21370986412313,
                47.81061514492693
              ],
              [
                138.94929030845907,
                47.3224254476613
              ],
              [
                138.35157302330282,
                46.873160921294115
              ],
              [
                137.98462966392782,
                46.26929052944841
              ],
              [
                137.29691604088094,
                45.64631613369646
              ],
              [
                136.28505996177938,
                44.753043733794115
              ],
              [
                136.03397658775594,
                44.39840658779802
              ],
              [
                135.41475966881063,
                44.036830507475756
              ],
              [
                134.96242812584188,
                43.51504477139177
              ],
              [
                134.13894179771688,
                42.99295385952654
              ],
              [
                132.95279982994344,
                42.669540010649584
              ],
              [
                132.59443191002157,
                42.89997442837419
              ],
              [
                132.33309462974813,
                42.963683687407396
              ],
              [
                131.88309768150594,
                43.071979128081225
              ],
              [
                131.86515334556844,
                43.29038199063005
              ],
              [
                131.3567915291622,
                42.99385031338396
              ],
              [
                130.46761611412313,
                42.298785768706225
              ],
              [
                129.82471755455282,
                41.8613658773488
              ],
              [
                129.59070876549032,
                41.46990545864763
              ],
              [
                129.56141189049032,
                41.07268866177263
              ],
              [
                129.17704299400594,
                40.63022192593279
              ],
              [
                128.79102614830282,
                40.35433920498552
              ],
              [
                128.23623183677938,
                39.96959265347185
              ],
              [
                127.67152694175984,
                39.86643561001482
              ],
              [
                127.44079879234577,
                39.623656831938646
              ],
              [
                127.40455916832234,
                39.07533987637224
              ],
              [
                128.1441450447872,
                38.534633241850756
              ],
              [
                128.279694,
                38.43027500000011
              ],
              [
                128.301361,
                38.46832300000011
              ],
              [
                128.312744,
                38.51416
              ],
              [
                128.313599,
                38.531937
              ],
              [
                128.305542,
                38.562767
              ],
              [
                128.303589,
                38.58387800000014
              ],
              [
                128.32135000000017,
                38.5991590000001
              ],
              [
                128.38916000000017,
                38.579437
              ],
              [
                128.625793,
                38.14444
              ],
              [
                128.637756,
                38.121376
              ],
              [
                128.858002,
                37.859436
              ],
              [
                128.878296,
                37.85193600000014
              ],
              [
                128.998566,
                37.736107
              ],
              [
                129.049988,
                37.685822
              ],
              [
                129.063019,
                37.657494
              ],
              [
                129.066376,
                37.62443500000012
              ],
              [
                129.18969700000014,
                37.46471400000013
              ],
              [
                129.342468,
                37.257217
              ],
              [
                129.354126,
                37.228325
              ],
              [
                129.365784,
                37.14694200000014
              ],
              [
                129.429413,
                37.068329
              ],
              [
                129.43191500000012,
                37.053322
              ],
              [
                129.423859,
                37.044998000000135
              ],
              [
                129.414978,
                37.02804600000013
              ],
              [
                129.413879,
                37.016106
              ],
              [
                129.423584,
                36.899994000000106
              ],
              [
                129.43081700000016,
                36.8688810000001
              ],
              [
                129.459137,
                36.807213000000104
              ],
              [
                129.474976,
                36.774437
              ],
              [
                129.47302200000013,
                36.710274
              ],
              [
                129.4696960000001,
                36.685822
              ],
              [
                129.462189,
                36.676384
              ],
              [
                129.44247400000017,
                36.664711
              ],
              [
                129.422211,
                36.634163
              ],
              [
                129.416931,
                36.616661000000136
              ],
              [
                129.41998300000012,
                36.577774
              ],
              [
                129.427185,
                36.55832700000013
              ],
              [
                129.441071,
                36.53611
              ],
              [
                129.450531,
                36.500549
              ],
              [
                129.438019,
                36.400269
              ],
              [
                129.41803,
                36.369713
              ],
              [
                129.390533,
                36.33940100000012
              ],
              [
                129.38192700000013,
                36.3144
              ],
              [
                129.386902,
                36.036018
              ],
              [
                129.394104,
                36.016579
              ],
              [
                129.419037,
                36.000481
              ],
              [
                129.449982,
                35.99305
              ],
              [
                129.463013,
                35.994713000000104
              ],
              [
                129.481628,
                36.008003
              ],
              [
                129.528137,
                36.05104100000011
              ],
              [
                129.557251,
                36.078773000000126
              ],
              [
                129.573914,
                36.064041
              ],
              [
                129.588348,
                36.01931000000013
              ],
              [
                129.586914,
                35.999596
              ],
              [
                129.486633,
                35.683327
              ],
              [
                129.47329700000012,
                35.60277600000012
              ],
              [
                129.474396,
                35.580276
              ],
              [
                129.46637,
                35.537216000000114
              ],
              [
                129.347473,
                35.344994
              ],
              [
                129.281097,
                35.30082700000014
              ],
              [
                129.241638,
                35.208885
              ],
              [
                129.174683,
                35.146942
              ],
              [
                128.978577,
                35.084991
              ],
              [
                128.929413,
                35.094154
              ],
              [
                128.919128,
                35.089157000000114
              ],
              [
                128.73495500000013,
                35.092766
              ],
              [
                128.619965,
                35.148605
              ],
              [
                128.57275400000015,
                35.169991
              ],
              [
                128.3780210000001,
                35.03611
              ],
              [
                128.372467,
                35.004715
              ],
              [
                128.391083,
                35.008331
              ],
              [
                128.405243,
                35.017769
              ],
              [
                128.410522,
                35.02971600000012
              ],
              [
                128.465515,
                35.05027
              ],
              [
                128.483307,
                35.051102
              ],
              [
                128.501373,
                35.008331
              ],
              [
                128.463013,
                34.868599
              ],
              [
                128.445801,
                34.838882000000126
              ],
              [
                128.408875,
                34.83194
              ],
              [
                128.3355100000001,
                34.871376
              ],
              [
                128.356628,
                34.905266
              ],
              [
                128.35107400000015,
                34.9313810000001
              ],
              [
                128.329132,
                34.949432
              ],
              [
                128.216064,
                34.93055
              ],
              [
                128.207733,
                34.92276800000013
              ],
              [
                128.208008,
                34.899719
              ],
              [
                128.203857,
                34.88832900000011
              ],
              [
                128.154144,
                34.894440000000145
              ],
              [
                128.06665,
                34.92443800000012
              ],
              [
                128.050262,
                34.937492
              ],
              [
                128.046936,
                34.947487
              ],
              [
                127.909416,
                34.955269
              ],
              [
                127.883041,
                34.943047
              ],
              [
                127.830833,
                34.946655
              ],
              [
                127.660812,
                34.905266
              ],
              [
                127.63526900000011,
                34.901657000000114
              ],
              [
                127.61859100000015,
                34.910545
              ],
              [
                127.605553,
                34.938599000000124
              ],
              [
                127.593323,
                34.941658
              ],
              [
                127.569153,
                34.91777000000013
              ],
              [
                127.576393,
                34.88694
              ],
              [
                127.611366,
                34.840828
              ],
              [
                127.654709,
                34.811935
              ],
              [
                127.673027,
                34.815544
              ],
              [
                127.690262,
                34.830276
              ],
              [
                127.71082300000012,
                34.84054600000013
              ],
              [
                127.773613,
                34.84388000000013
              ],
              [
                127.76944,
                34.794998
              ],
              [
                127.743874,
                34.72332
              ],
              [
                127.634987,
                34.614998
              ],
              [
                127.556374,
                34.651382000000126
              ],
              [
                127.556374,
                34.692215
              ],
              [
                127.562759,
                34.717491
              ],
              [
                127.52249100000017,
                34.856941
              ],
              [
                127.41832000000011,
                34.81860400000011
              ],
              [
                127.363876,
                34.75138900000013
              ],
              [
                127.391937,
                34.69832600000012
              ],
              [
                127.429428,
                34.67694100000011
              ],
              [
                127.48887600000012,
                34.637772
              ],
              [
                127.514427,
                34.591377
              ],
              [
                127.389427,
                34.4711
              ],
              [
                127.24359100000015,
                34.511383
              ],
              [
                127.13970900000015,
                34.515831
              ],
              [
                127.12915,
                34.527771
              ],
              [
                127.123306,
                34.54805
              ],
              [
                127.13165300000014,
                34.565269
              ],
              [
                127.206383,
                34.635551000000135
              ],
              [
                127.213043,
                34.627213
              ],
              [
                127.211113,
                34.614159
              ],
              [
                127.19165,
                34.574715
              ],
              [
                127.20720700000015,
                34.568886
              ],
              [
                127.328598,
                34.652214
              ],
              [
                127.352768,
                34.692764
              ],
              [
                127.338318,
                34.73777
              ],
              [
                127.328598,
                34.74305
              ],
              [
                127.21666000000016,
                34.707497
              ],
              [
                127.09166,
                34.650543
              ],
              [
                127.00972000000013,
                34.602219
              ],
              [
                126.98858600000017,
                34.531662
              ],
              [
                126.966377,
                34.504166
              ],
              [
                126.896942,
                34.449158
              ],
              [
                126.889427,
                34.412491
              ],
              [
                126.811653,
                34.445541000000105
              ],
              [
                126.799988,
                34.491936
              ],
              [
                126.804153,
                34.558327
              ],
              [
                126.799149,
                34.579437
              ],
              [
                126.78970300000015,
                34.586105
              ],
              [
                126.777481,
                34.585548
              ],
              [
                126.765549,
                34.573326
              ],
              [
                126.683868,
                34.434433000000126
              ],
              [
                126.594147,
                34.29943800000012
              ],
              [
                126.524986,
                34.316101
              ],
              [
                126.461929,
                34.473320000000115
              ],
              [
                126.463318,
                34.484718
              ],
              [
                126.31832900000018,
                34.564995000000124
              ],
              [
                126.288307,
                34.590271
              ],
              [
                126.265266,
                34.67083
              ],
              [
                126.28942900000015,
                34.742218
              ],
              [
                126.296944,
                34.751106
              ],
              [
                126.311371,
                34.749161
              ],
              [
                126.328323,
                34.7347180000001
              ],
              [
                126.351089,
                34.699158
              ],
              [
                126.45166000000017,
                34.578049
              ],
              [
                126.451393,
                34.648331
              ],
              [
                126.4727630000001,
                34.637215
              ],
              [
                126.52887,
                34.614159
              ],
              [
                126.606087,
                34.616661
              ],
              [
                126.618317,
                34.619438000000116
              ],
              [
                126.50305200000014,
                34.715271
              ],
              [
                126.47692900000015,
                34.724991
              ],
              [
                126.608032,
                34.779434
              ],
              [
                126.634987,
                34.782211
              ],
              [
                126.65971400000012,
                34.81276700000012
              ],
              [
                126.539978,
                34.873047
              ],
              [
                126.531097,
                34.803879
              ],
              [
                126.514999,
                34.778877
              ],
              [
                126.499153,
                34.7761
              ],
              [
                126.37580900000012,
                34.785553
              ],
              [
                126.36914100000013,
                34.793884
              ],
              [
                126.378593,
                34.80915800000014
              ],
              [
                126.433594,
                34.963608
              ],
              [
                126.376083,
                34.9405440000001
              ],
              [
                126.34387200000015,
                34.917496
              ],
              [
                126.33276400000011,
                34.922493
              ],
              [
                126.318047,
                34.932213
              ],
              [
                126.24832200000014,
                35.110275
              ],
              [
                126.251099,
                35.123322
              ],
              [
                126.263611,
                35.13472
              ],
              [
                126.344994,
                35.151657
              ],
              [
                126.353043,
                35.132492
              ],
              [
                126.353317,
                35.120827
              ],
              [
                126.343323,
                35.106384000000105
              ],
              [
                126.343048,
                35.095543
              ],
              [
                126.41638200000011,
                35.020271
              ],
              [
                126.431374,
                35.023323
              ],
              [
                126.45887800000014,
                35.090546
              ],
              [
                126.443863,
                35.100548
              ],
              [
                126.42082200000016,
                35.111664
              ],
              [
                126.387497,
                35.147774
              ],
              [
                126.36360200000013,
                35.227768
              ],
              [
                126.387497,
                35.336937
              ],
              [
                126.424988,
                35.411659
              ],
              [
                126.44135300000016,
                35.430191
              ],
              [
                126.45694,
                35.462494
              ],
              [
                126.49165300000016,
                35.50972
              ],
              [
                126.523041,
                35.524994000000106
              ],
              [
                126.619431,
                35.54694400000011
              ],
              [
                126.683868,
                35.528877
              ],
              [
                126.687477,
                35.539162
              ],
              [
                126.669144,
                35.588043
              ],
              [
                126.6586,
                35.59415400000012
              ],
              [
                126.643883,
                35.594711
              ],
              [
                126.535812,
                35.585548
              ],
              [
                126.514999,
                35.575829
              ],
              [
                126.498596,
                35.578049
              ],
              [
                126.477203,
                35.5961
              ],
              [
                126.46859700000016,
                35.609161
              ],
              [
                126.479431,
                35.639992
              ],
              [
                126.642487,
                35.742218
              ],
              [
                126.70665,
                35.770828
              ],
              [
                126.75193800000011,
                35.778328
              ],
              [
                126.78830700000015,
                35.894714
              ],
              [
                126.733047,
                35.88249200000013
              ],
              [
                126.61998000000017,
                35.888603
              ],
              [
                126.614151,
                35.896103
              ],
              [
                126.615257,
                35.925827
              ],
              [
                126.631653,
                35.96720900000014
              ],
              [
                126.705261,
                35.984718
              ],
              [
                126.85355400000014,
                36.035271
              ],
              [
                126.872993,
                36.054718
              ],
              [
                126.869217,
                36.0606
              ],
              [
                126.739471,
                36.00580600000012
              ],
              [
                126.688873,
                35.999985
              ],
              [
                126.67363000000012,
                36.00470700000011
              ],
              [
                126.536636,
                36.219162
              ],
              [
                126.480553,
                36.481102
              ],
              [
                126.46582,
                36.579994
              ],
              [
                126.500267,
                36.591934
              ],
              [
                126.51249700000017,
                36.587494
              ],
              [
                126.52469600000018,
                36.586937
              ],
              [
                126.5269320000001,
                36.598602
              ],
              [
                126.49720800000011,
                36.72387700000013
              ],
              [
                126.469437,
                36.74360700000011
              ],
              [
                126.347488,
                36.73999
              ],
              [
                126.30748,
                36.697212
              ],
              [
                126.304703,
                36.687492
              ],
              [
                126.322769,
                36.661659
              ],
              [
                126.336929,
                36.645546
              ],
              [
                126.293053,
                36.58194
              ],
              [
                126.298866,
                36.639435000000105
              ],
              [
                126.272774,
                36.717491
              ],
              [
                126.251389,
                36.707497
              ],
              [
                126.24387400000012,
                36.689713
              ],
              [
                126.234993,
                36.682495
              ],
              [
                126.192749,
                36.671379
              ],
              [
                126.17276000000015,
                36.67276800000013
              ],
              [
                126.128036,
                36.705269
              ],
              [
                126.12886000000015,
                36.751663
              ],
              [
                126.19166600000017,
                36.819885
              ],
              [
                126.188309,
                36.882492
              ],
              [
                126.291092,
                36.962494
              ],
              [
                126.304428,
                36.962212
              ],
              [
                126.32166300000017,
                36.884438
              ],
              [
                126.31442300000015,
                36.86776700000013
              ],
              [
                126.280548,
                36.815269
              ],
              [
                126.280273,
                36.804436
              ],
              [
                126.28942900000015,
                36.785828
              ],
              [
                126.324707,
                36.80387900000011
              ],
              [
                126.415092,
                36.896713
              ],
              [
                126.4137730000001,
                36.914883000000145
              ],
              [
                126.407211,
                36.935822000000144
              ],
              [
                126.38304100000016,
                36.929436
              ],
              [
                126.348328,
                36.95249200000012
              ],
              [
                126.33499100000017,
                36.9855500000001
              ],
              [
                126.34999100000016,
                36.994438
              ],
              [
                126.392761,
                37.004715
              ],
              [
                126.429428,
                37.004715
              ],
              [
                126.442467,
                36.99971800000014
              ],
              [
                126.478043,
                36.933601
              ],
              [
                126.476646,
                36.922218
              ],
              [
                126.461983,
                36.898216000000104
              ],
              [
                126.463318,
                36.863884
              ],
              [
                126.472488,
                36.8394320000001
              ],
              [
                126.483322,
                36.84249100000011
              ],
              [
                126.495529,
                36.864159
              ],
              [
                126.51416,
                36.941376
              ],
              [
                126.499153,
                37.049721
              ],
              [
                126.517761,
                37.0522160000001
              ],
              [
                126.56749000000013,
                37.024994
              ],
              [
                126.61998000000017,
                36.9727630000001
              ],
              [
                126.76138300000014,
                36.969986
              ],
              [
                126.776657,
                36.967209
              ],
              [
                126.823318,
                36.913879
              ],
              [
                126.830551,
                36.894157
              ],
              [
                126.83415200000013,
                36.87276500000013
              ],
              [
                126.82887300000016,
                36.853607
              ],
              [
                126.828598,
                36.765831
              ],
              [
                126.83415200000013,
                36.756943
              ],
              [
                126.846367,
                36.752495000000124
              ],
              [
                126.99220300000013,
                36.91082
              ],
              [
                126.921654,
                36.916939
              ],
              [
                126.908043,
                36.919441
              ],
              [
                126.865807,
                36.950546
              ],
              [
                126.752777,
                37.04860700000012
              ],
              [
                126.77304100000015,
                37.118599
              ],
              [
                126.782211,
                37.125549
              ],
              [
                126.853043,
                37.138046
              ],
              [
                126.86525700000016,
                37.140831
              ],
              [
                126.869713,
                37.172218
              ],
              [
                126.769989,
                37.174164
              ],
              [
                126.75943,
                37.168884
              ],
              [
                126.723038,
                37.131660000000124
              ],
              [
                126.70748900000012,
                37.123604
              ],
              [
                126.68775900000014,
                37.124435
              ],
              [
                126.660812,
                37.161934
              ],
              [
                126.65946741158325,
                37.22184941289351
              ]
            ]
          ],
          [
            [
              [
                126.599426,
                33.23333000000014
              ],
              [
                126.586929,
                33.231377
              ],
              [
                126.508614,
                33.223602
              ],
              [
                126.48248300000012,
                33.221375
              ],
              [
                126.47608900000012,
                33.22248800000011
              ],
              [
                126.445534,
                33.229431
              ],
              [
                126.424698,
                33.234718
              ],
              [
                126.416931,
                33.23555
              ],
              [
                126.34055300000011,
                33.227211
              ],
              [
                126.330833,
                33.225548
              ],
              [
                126.314697,
                33.21915400000012
              ],
              [
                126.30970800000011,
                33.216385
              ],
              [
                126.301086,
                33.209435
              ],
              [
                126.297211,
                33.205269
              ],
              [
                126.290543,
                33.195541
              ],
              [
                126.285812,
                33.193047
              ],
              [
                126.27388,
                33.190269
              ],
              [
                126.26638800000012,
                33.190826
              ],
              [
                126.261108,
                33.193878
              ],
              [
                126.226929,
                33.216385
              ],
              [
                126.20720700000015,
                33.229431
              ],
              [
                126.18609600000013,
                33.24749
              ],
              [
                126.170532,
                33.262497
              ],
              [
                126.157761,
                33.278877000000136
              ],
              [
                126.15525800000012,
                33.289436
              ],
              [
                126.158333,
                33.314713
              ],
              [
                126.176376,
                33.344154
              ],
              [
                126.183594,
                33.352776
              ],
              [
                126.270264,
                33.422768
              ],
              [
                126.312477,
                33.450272
              ],
              [
                126.31749,
                33.452774
              ],
              [
                126.372208,
                33.47304500000013
              ],
              [
                126.378036,
                33.47470900000013
              ],
              [
                126.633614,
                33.531662
              ],
              [
                126.695824,
                33.539993
              ],
              [
                126.793053,
                33.550827
              ],
              [
                126.813026,
                33.55193300000013
              ],
              [
                126.821381,
                33.550545
              ],
              [
                126.827477,
                33.547775
              ],
              [
                126.835823,
                33.54055000000011
              ],
              [
                126.839661,
                33.536369
              ],
              [
                126.890823,
                33.525269
              ],
              [
                126.898041,
                33.52332300000012
              ],
              [
                126.941093,
                33.45388
              ],
              [
                126.936653,
                33.424438
              ],
              [
                126.918869,
                33.392769
              ],
              [
                126.915817,
                33.387772
              ],
              [
                126.908333,
                33.379158
              ],
              [
                126.847488,
                33.311661
              ],
              [
                126.843048,
                33.308327
              ],
              [
                126.76470900000015,
                33.282768
              ],
              [
                126.725273,
                33.270271
              ],
              [
                126.622208,
                33.23999
              ],
              [
                126.599426,
                33.23333000000014
              ]
            ]
          ],
          [
            [
              [
                126.7391510000001,
                34.278603
              ],
              [
                126.731369,
                34.279160000000104
              ],
              [
                126.70082100000013,
                34.284164
              ],
              [
                126.695534,
                34.287216
              ],
              [
                126.65138200000013,
                34.316101
              ],
              [
                126.648041,
                34.320274
              ],
              [
                126.64582800000017,
                34.324997
              ],
              [
                126.649147,
                34.349998
              ],
              [
                126.654709,
                34.370544
              ],
              [
                126.65776100000016,
                34.375549
              ],
              [
                126.663879,
                34.382492
              ],
              [
                126.668869,
                34.384995
              ],
              [
                126.687187,
                34.388885
              ],
              [
                126.694138,
                34.38916
              ],
              [
                126.701393,
                34.38694
              ],
              [
                126.713882,
                34.37832600000013
              ],
              [
                126.73082,
                34.363884
              ],
              [
                126.77082800000017,
                34.296387
              ],
              [
                126.77498600000013,
                34.286942
              ],
              [
                126.771927,
                34.281937
              ],
              [
                126.765549,
                34.280823
              ],
              [
                126.7391510000001,
                34.278603
              ]
            ]
          ],
          [
            [
              [
                127.160538,
                34.414436
              ],
              [
                127.145828,
                34.414993
              ],
              [
                127.133614,
                34.420273
              ],
              [
                127.11580700000013,
                34.434433000000126
              ],
              [
                127.111366,
                34.460274
              ],
              [
                127.1141510000001,
                34.463882000000126
              ],
              [
                127.12580900000012,
                34.471657
              ],
              [
                127.13165300000014,
                34.473602
              ],
              [
                127.199142,
                34.485268
              ],
              [
                127.213043,
                34.48555
              ],
              [
                127.222717,
                34.483627000000126
              ],
              [
                127.239433,
                34.4741590000001
              ],
              [
                127.24359100000015,
                34.470543
              ],
              [
                127.245819,
                34.465828
              ],
              [
                127.244141,
                34.453323
              ],
              [
                127.241653,
                34.447212
              ],
              [
                127.232758,
                34.43110700000011
              ],
              [
                127.22886700000015,
                34.426659
              ],
              [
                127.219437,
                34.420547
              ],
              [
                127.213608,
                34.418884
              ],
              [
                127.160538,
                34.414436
              ]
            ]
          ],
          [
            [
              [
                127.785538,
                34.473877
              ],
              [
                127.780823,
                34.47470900000013
              ],
              [
                127.758331,
                34.487495
              ],
              [
                127.716087,
                34.517212
              ],
              [
                127.713043,
                34.521378
              ],
              [
                127.711929,
                34.526657
              ],
              [
                127.71582,
                34.530823
              ],
              [
                127.741364,
                34.538887
              ],
              [
                127.751099,
                34.54193900000013
              ],
              [
                127.764427,
                34.540833
              ],
              [
                127.77082800000017,
                34.53833
              ],
              [
                127.776321,
                34.533669
              ],
              [
                127.78637700000013,
                34.519440000000145
              ],
              [
                127.798317,
                34.490829
              ],
              [
                127.798317,
                34.484993000000145
              ],
              [
                127.795258,
                34.47971300000012
              ],
              [
                127.790817,
                34.47637900000012
              ],
              [
                127.785538,
                34.473877
              ]
            ]
          ],
          [
            [
              [
                126.17970300000013,
                34.35110500000013
              ],
              [
                126.171921,
                34.35193600000014
              ],
              [
                126.150269,
                34.354439
              ],
              [
                126.1436000000001,
                34.3555530000001
              ],
              [
                126.112488,
                34.378876
              ],
              [
                126.10608700000012,
                34.387215
              ],
              [
                126.101646,
                34.39666000000011
              ],
              [
                126.099152,
                34.406937
              ],
              [
                126.098877,
                34.412766
              ],
              [
                126.09971600000017,
                34.419159
              ],
              [
                126.10192900000015,
                34.424995
              ],
              [
                126.23887600000012,
                34.569992
              ],
              [
                126.243317,
                34.573326
              ],
              [
                126.253326,
                34.573051
              ],
              [
                126.27332300000012,
                34.56582600000013
              ],
              [
                126.29831700000011,
                34.555824
              ],
              [
                126.33499100000017,
                34.539993
              ],
              [
                126.376923,
                34.498878
              ],
              [
                126.380257,
                34.494713
              ],
              [
                126.38111900000013,
                34.491653
              ],
              [
                126.383331,
                34.483879
              ],
              [
                126.383614,
                34.478325
              ],
              [
                126.382751,
                34.471931
              ],
              [
                126.36775200000011,
                34.441658
              ],
              [
                126.346939,
                34.40470900000014
              ],
              [
                126.342484,
                34.401382
              ],
              [
                126.261932,
                34.37137600000011
              ],
              [
                126.25637800000015,
                34.369713
              ],
              [
                126.199142,
                34.353325
              ],
              [
                126.186653,
                34.351387
              ],
              [
                126.17970300000013,
                34.35110500000013
              ]
            ]
          ],
          [
            [
              [
                127.799713,
                34.57222
              ],
              [
                127.793053,
                34.573326
              ],
              [
                127.78665200000012,
                34.576103
              ],
              [
                127.758614,
                34.5908280000001
              ],
              [
                127.74832200000014,
                34.596939000000134
              ],
              [
                127.739967,
                34.604439
              ],
              [
                127.73664900000017,
                34.608604
              ],
              [
                127.734421,
                34.613327
              ],
              [
                127.733322,
                34.61859900000013
              ],
              [
                127.73304700000017,
                34.635826
              ],
              [
                127.736923,
                34.639992
              ],
              [
                127.76805100000013,
                34.66415400000011
              ],
              [
                127.794144,
                34.661377
              ],
              [
                127.81218700000011,
                34.64138800000012
              ],
              [
                127.81275900000014,
                34.621933000000126
              ],
              [
                127.806641,
                34.5816650000001
              ],
              [
                127.803864,
                34.575554
              ],
              [
                127.799713,
                34.57222
              ]
            ]
          ],
          [
            [
              [
                125.971916,
                34.647217000000126
              ],
              [
                125.96360800000014,
                34.648605
              ],
              [
                125.92637600000012,
                34.668884
              ],
              [
                125.91776300000015,
                34.676102
              ],
              [
                125.915543,
                34.680824
              ],
              [
                125.91442900000015,
                34.685822
              ],
              [
                125.914993,
                34.692215
              ],
              [
                125.9180530000001,
                34.69748700000014
              ],
              [
                125.92330900000013,
                34.699997
              ],
              [
                125.9561000000001,
                34.712769
              ],
              [
                125.981369,
                34.716934
              ],
              [
                125.99379,
                34.707802
              ],
              [
                126.003052,
                34.700272
              ],
              [
                126.006378,
                34.696098
              ],
              [
                126.008614,
                34.691376
              ],
              [
                126.006104,
                34.685547
              ],
              [
                126.002487,
                34.681107
              ],
              [
                125.991364,
                34.668053
              ],
              [
                125.971916,
                34.647217000000126
              ]
            ]
          ],
          [
            [
              [
                126.000549,
                34.789993
              ],
              [
                126.0008160000001,
                34.791939
              ],
              [
                126.003883,
                34.789993
              ],
              [
                126.006378,
                34.785271
              ],
              [
                126.003052,
                34.773048
              ],
              [
                126.005257,
                34.768326000000116
              ],
              [
                126.008614,
                34.76416
              ],
              [
                126.009163,
                34.759995
              ],
              [
                126.00332600000013,
                34.75804900000014
              ],
              [
                125.995819,
                34.758606
              ],
              [
                125.988312,
                34.760551
              ],
              [
                125.983597,
                34.75804900000014
              ],
              [
                125.98027000000013,
                34.752777
              ],
              [
                125.97387700000013,
                34.751938
              ],
              [
                125.966927,
                34.75444
              ],
              [
                125.951103,
                34.756660000000124
              ],
              [
                125.945251,
                34.754715
              ],
              [
                125.94081100000017,
                34.751106
              ],
              [
                125.93830900000012,
                34.74527
              ],
              [
                125.939148,
                34.728043
              ],
              [
                125.93609600000013,
                34.722763
              ],
              [
                125.932213,
                34.718323
              ],
              [
                125.911926,
                34.716934
              ],
              [
                125.90442700000017,
                34.717766
              ],
              [
                125.890549,
                34.728043
              ],
              [
                125.88832100000013,
                34.732491
              ],
              [
                125.888893,
                34.738884
              ],
              [
                125.892212,
                34.751106
              ],
              [
                125.893883,
                34.763885
              ],
              [
                125.898041,
                34.767212
              ],
              [
                125.908333,
                34.772766
              ],
              [
                125.915268,
                34.772766
              ],
              [
                125.921654,
                34.77388000000013
              ],
              [
                125.944427,
                34.771935
              ],
              [
                125.95082100000013,
                34.773048
              ],
              [
                125.955833,
                34.775826
              ],
              [
                125.97360200000014,
                34.789719
              ],
              [
                125.9791560000001,
                34.791664
              ],
              [
                125.985527,
                34.79249600000014
              ],
              [
                125.993042,
                34.791939
              ],
              [
                126.000549,
                34.789993
              ]
            ]
          ],
          [
            [
              [
                128.08081100000015,
                34.827774
              ],
              [
                128.013306,
                34.832771
              ],
              [
                127.99720800000011,
                34.835266000000104
              ],
              [
                127.989967,
                34.837212000000136
              ],
              [
                127.97971300000017,
                34.84360500000014
              ],
              [
                127.973312,
                34.851936
              ],
              [
                127.97415200000012,
                34.85833
              ],
              [
                127.976929,
                34.864159
              ],
              [
                128.007751,
                34.907768
              ],
              [
                128.017212,
                34.913879
              ],
              [
                128.024139,
                34.913879
              ],
              [
                128.03137200000015,
                34.911659
              ],
              [
                128.035797,
                34.908043
              ],
              [
                128.065765,
                34.878525
              ],
              [
                128.075806,
                34.873878
              ],
              [
                128.078857,
                34.869713
              ],
              [
                128.085785,
                34.830276
              ],
              [
                128.08081100000015,
                34.827774
              ]
            ]
          ],
          [
            [
              [
                126.04248,
                34.85388200000011
              ],
              [
                125.993042,
                34.85833
              ],
              [
                125.986923,
                34.860825
              ],
              [
                125.983597,
                34.864998
              ],
              [
                125.98526000000015,
                34.868324
              ],
              [
                126.002213,
                34.890274
              ],
              [
                126.057747,
                34.925552
              ],
              [
                126.06275900000014,
                34.928329
              ],
              [
                126.069992,
                34.92610200000013
              ],
              [
                126.075272,
                34.92305
              ],
              [
                126.076637,
                34.921349000000134
              ],
              [
                126.094437,
                34.909714
              ],
              [
                126.09108700000013,
                34.890274
              ],
              [
                126.089706,
                34.88499500000012
              ],
              [
                126.082207,
                34.866936
              ],
              [
                126.078598,
                34.862495
              ],
              [
                126.074158,
                34.859161
              ],
              [
                126.063599,
                34.854439
              ],
              [
                126.04248,
                34.85388200000011
              ]
            ]
          ],
          [
            [
              [
                127.962196,
                34.798332
              ],
              [
                127.968048,
                34.79999500000014
              ],
              [
                127.990257,
                34.817215
              ],
              [
                128.00192300000015,
                34.820831
              ],
              [
                128.032471,
                34.817772
              ],
              [
                128.055542,
                34.813324
              ],
              [
                128.0691220000001,
                34.80832700000013
              ],
              [
                128.07330300000012,
                34.80471
              ],
              [
                128.075531,
                34.79999500000014
              ],
              [
                128.062469,
                34.706383
              ],
              [
                128.060791,
                34.701103
              ],
              [
                128.056641,
                34.69748700000014
              ],
              [
                128.044434,
                34.69499200000013
              ],
              [
                127.984993,
                34.696938
              ],
              [
                127.97720300000015,
                34.697769
              ],
              [
                127.888603,
                34.710548
              ],
              [
                127.88025700000014,
                34.712212
              ],
              [
                127.860527,
                34.719711
              ],
              [
                127.85720800000013,
                34.723877
              ],
              [
                127.852768,
                34.738884
              ],
              [
                127.82222000000013,
                34.843048
              ],
              [
                127.826927,
                34.855827
              ],
              [
                127.836929,
                34.879715
              ],
              [
                127.867752,
                34.917496
              ],
              [
                127.87552600000015,
                34.92610200000013
              ],
              [
                127.879967,
                34.92943600000012
              ],
              [
                127.885818,
                34.931107
              ],
              [
                127.898613,
                34.933052
              ],
              [
                127.915268,
                34.929993
              ],
              [
                127.92137100000014,
                34.9272160000001
              ],
              [
                127.926651,
                34.924164
              ],
              [
                127.93081700000016,
                34.920547
              ],
              [
                127.933868,
                34.91610000000014
              ],
              [
                127.93609600000013,
                34.911377
              ],
              [
                127.937714,
                34.901924
              ],
              [
                127.909714,
                34.874161
              ],
              [
                127.90664700000013,
                34.869156
              ],
              [
                127.909149,
                34.84721400000012
              ],
              [
                127.910263,
                34.841934
              ],
              [
                127.916382,
                34.832771
              ],
              [
                127.9561,
                34.800827
              ],
              [
                127.962196,
                34.798332
              ]
            ]
          ],
          [
            [
              [
                128.743011,
                34.788048
              ],
              [
                128.741913,
                34.781662
              ],
              [
                128.68551600000012,
                34.724159
              ],
              [
                128.67996200000016,
                34.722214
              ],
              [
                128.641937,
                34.70916
              ],
              [
                128.636108,
                34.707214
              ],
              [
                128.612457,
                34.701103
              ],
              [
                128.594116,
                34.697769
              ],
              [
                128.58828700000015,
                34.699432000000115
              ],
              [
                128.58523600000012,
                34.70388
              ],
              [
                128.60107400000015,
                34.760277
              ],
              [
                128.604126,
                34.80915800000014
              ],
              [
                128.60080000000016,
                34.830551
              ],
              [
                128.597748,
                34.834991
              ],
              [
                128.591919,
                34.836655
              ],
              [
                128.55218500000012,
                34.823608
              ],
              [
                128.53970300000015,
                34.81610100000012
              ],
              [
                128.53579700000012,
                34.811935
              ],
              [
                128.526093,
                34.80582400000014
              ],
              [
                128.521088,
                34.80915800000014
              ],
              [
                128.49801600000012,
                34.832214000000135
              ],
              [
                128.494965,
                34.83638
              ],
              [
                128.490509,
                34.845825000000104
              ],
              [
                128.488556,
                34.856384
              ],
              [
                128.490509,
                34.868881
              ],
              [
                128.494415,
                34.880272000000105
              ],
              [
                128.501923,
                34.887497
              ],
              [
                128.507202,
                34.889992
              ],
              [
                128.641083,
                34.95249200000012
              ],
              [
                128.663605,
                34.960274
              ],
              [
                128.71109000000013,
                34.976654
              ],
              [
                128.72821,
                34.943047
              ],
              [
                128.72995,
                34.942215
              ],
              [
                128.735229,
                34.933327
              ],
              [
                128.754425,
                34.882767
              ],
              [
                128.754425,
                34.87693800000011
              ],
              [
                128.743011,
                34.788048
              ]
            ]
          ],
          [
            [
              [
                126.09971600000017,
                35.04583
              ],
              [
                126.093048,
                35.047218
              ],
              [
                126.059418,
                35.055267
              ],
              [
                126.05609100000015,
                35.059433
              ],
              [
                126.058319,
                35.08387800000014
              ],
              [
                126.0599820000001,
                35.090828
              ],
              [
                126.063873,
                35.094994
              ],
              [
                126.068047,
                35.09860200000014
              ],
              [
                126.11747700000012,
                35.130547
              ],
              [
                126.1372070000001,
                35.14222000000012
              ],
              [
                126.14888,
                35.145828
              ],
              [
                126.155823,
                35.146103
              ],
              [
                126.162201,
                35.143326000000116
              ],
              [
                126.14971900000012,
                35.133331
              ],
              [
                126.146942,
                35.132523
              ],
              [
                126.14444000000015,
                35.08027600000014
              ],
              [
                126.11554000000012,
                35.053047
              ],
              [
                126.10608700000012,
                35.046944
              ],
              [
                126.09971600000017,
                35.04583
              ]
            ]
          ],
          [
            [
              [
                126.42109700000015,
                36.399437
              ],
              [
                126.382202,
                36.40277100000014
              ],
              [
                126.375259,
                36.403877000000136
              ],
              [
                126.36554,
                36.41054500000013
              ],
              [
                126.338318,
                36.434158
              ],
              [
                126.33582300000012,
                36.438599
              ],
              [
                126.32527200000015,
                36.559715
              ],
              [
                126.32499700000017,
                36.565544
              ],
              [
                126.32747700000016,
                36.571663
              ],
              [
                126.334427,
                36.581108
              ],
              [
                126.341927,
                36.588326
              ],
              [
                126.346939,
                36.591103
              ],
              [
                126.352768,
                36.592766
              ],
              [
                126.359993,
                36.593048
              ],
              [
                126.376373,
                36.590828
              ],
              [
                126.378593,
                36.586105
              ],
              [
                126.433868,
                36.41082
              ],
              [
                126.431931,
                36.403877000000136
              ],
              [
                126.428307,
                36.399719
              ],
              [
                126.42109700000015,
                36.399437
              ]
            ]
          ],
          [
            [
              [
                126.163597,
                36.82416500000011
              ],
              [
                126.159149,
                36.827774
              ],
              [
                126.15804300000013,
                36.833054
              ],
              [
                126.16110200000014,
                36.838043
              ],
              [
                126.166931,
                36.839989
              ],
              [
                126.172447,
                36.836838
              ],
              [
                126.173866,
                36.829437
              ],
              [
                126.16943400000014,
                36.82582900000011
              ],
              [
                126.163597,
                36.82416500000011
              ]
            ]
          ],
          [
            [
              [
                130.875519,
                37.449997
              ],
              [
                130.868561,
                37.450829
              ],
              [
                130.81884800000012,
                37.467766
              ],
              [
                130.815796,
                37.471931
              ],
              [
                130.811646,
                37.481377
              ],
              [
                130.80581700000016,
                37.507217
              ],
              [
                130.80581700000016,
                37.513054
              ],
              [
                130.807465,
                37.518326000000116
              ],
              [
                130.838562,
                37.529991
              ],
              [
                130.844696,
                37.53138
              ],
              [
                130.912201,
                37.545547
              ],
              [
                130.919434,
                37.545273
              ],
              [
                130.924133,
                37.51915700000012
              ],
              [
                130.9220580000001,
                37.515266
              ],
              [
                130.922485,
                37.48193400000014
              ],
              [
                130.920807,
                37.476654
              ],
              [
                130.887482,
                37.453323
              ],
              [
                130.875519,
                37.449997
              ]
            ]
          ],
          [
            [
              [
                124.651932,
                37.914436
              ],
              [
                124.643333,
                37.915825
              ],
              [
                124.63665800000012,
                37.918327
              ],
              [
                124.63304100000016,
                37.922493
              ],
              [
                124.613312,
                37.947487
              ],
              [
                124.609711,
                37.957214000000135
              ],
              [
                124.615257,
                37.968597
              ],
              [
                124.62387100000012,
                37.9741590000001
              ],
              [
                124.688873,
                37.982491
              ],
              [
                124.709991,
                37.984161
              ],
              [
                124.718048,
                37.983604
              ],
              [
                124.72554000000014,
                37.981659
              ],
              [
                124.72554000000014,
                37.97804300000013
              ],
              [
                124.73165900000015,
                37.97637900000012
              ],
              [
                124.743042,
                37.964714
              ],
              [
                124.745529,
                37.959991
              ],
              [
                124.746643,
                37.954712
              ],
              [
                124.74359100000015,
                37.949715
              ],
              [
                124.7391510000001,
                37.946098
              ],
              [
                124.701393,
                37.918053
              ],
              [
                124.695534,
                37.9161
              ],
              [
                124.651932,
                37.914436
              ]
            ]
          ]
        ]
      }
    },
    {
      "type": "Feature",
      "id": "ming_215",
      "properties": {
        "name": "Moldova",
        "admin_level": "province",
        "year": 1400,
        "source": "historical-basemaps"
      },
      "geometry": {
        "type": "MultiPolygon",
        "coordinates": [
          [
            [
              [
                29.121199124709765,
                48.20262194156298
              ],
              [
                30.380036249832592,
                46.130145198757525
              ],
              [
                30.06882193992878,
                45.86140020962419
              ],
              [
                29.729748758776438,
                45.76999243374529
              ],
              [
                29.629511866076243,
                45.750358186919115
              ],
              [
                29.500430140002024,
                45.523368440825365
              ],
              [
                29.536093744738352,
                45.4521976339406
              ],
              [
                29.615916285021555,
                45.4102054464406
              ],
              [
                29.683211359484446,
                45.37478979702654
              ],
              [
                29.710764917834055,
                45.25833471890154
              ],
              [
                29.06437215319496,
                45.1647497859796
              ],
              [
                28.402156507925586,
                45.35938606658693
              ],
              [
                28.36834704302339,
                45.33088004715959
              ],
              [
                28.01860651185924,
                45.3154810971337
              ],
              [
                28.004381162329384,
                45.280670190976714
              ],
              [
                26.986549887704616,
                46.106459304712715
              ],
              [
                27.366442631580064,
                46.340239454789916
              ],
              [
                27.627662557982354,
                46.927984289195074
              ],
              [
                27.42832177808028,
                47.38362035754267
              ],
              [
                29.121199124709765,
                48.20262194156298
              ]
            ]
          ]
        ]
      }
    },
    {
      "type": "Feature",
      "id": "ming_221",
      "properties": {
        "name": "Blue Horde",
        "admin_level": "province",
        "year": 1400,
        "source": "historical-basemaps"
      },
      "geometry": {
        "type": "MultiPolygon",
        "coordinates": [
          [
            [
              [
                47.83201023532538,
                57.81341151790118
              ],
              [
                50.20723437374214,
                46.66025834802806
              ],
              [
                49.9481420845821,
                46.559501253325365
              ],
              [
                49.723345789416086,
                46.532523714262865
              ],
              [
                49.53451446007038,
                46.54151877041521
              ],
              [
                49.40862945030476,
                46.43361624355974
              ],
              [
                49.31320479820515,
                46.352687441069506
              ],
              [
                49.23778441856648,
                46.26276739712419
              ],
              [
                49.05794433067585,
                46.13688238735857
              ],
              [
                48.88709929893757,
                46.082931123930834
              ],
              [
                48.833148035509836,
                46.082931123930834
              ],
              [
                48.833148035509836,
                46.01998861904802
              ],
              [
                48.833148035509836,
                45.92107733364763
              ],
              [
                48.770205530627024,
                45.88510855313005
              ],
              [
                48.63532927940632,
                45.975028597075365
              ],
              [
                48.482466730578196,
                45.88510855313005
              ],
              [
                48.30262664268757,
                45.768214784819506
              ],
              [
                48.01488784263874,
                45.71426352139177
              ],
              [
                47.871016535265696,
                45.67829855557146
              ],
              [
                47.75412276695515,
                45.71426352139177
              ],
              [
                47.67319777916218,
                45.75023230190935
              ],
              [
                47.628237757189524,
                45.73224981899919
              ],
              [
                47.60126403282429,
                45.66031225796404
              ],
              [
                47.65521148155476,
                45.54341848965349
              ],
              [
                47.55630401085163,
                45.45349844570818
              ],
              [
                47.4753752083614,
                45.318622194487475
              ],
              [
                47.39445022056843,
                45.17475088711443
              ],
              [
                47.25057891319538,
                44.98592337246599
              ],
              [
                47.169653925402415,
                44.860038362700365
              ],
              [
                47.02578261802937,
                44.78810080166521
              ],
              [
                46.87292006920124,
                44.68019827480974
              ],
              [
                46.80997756431843,
                44.53633078213396
              ],
              [
                46.84594634483601,
                44.446410738188646
              ],
              [
                46.99880507896687,
                44.356490694243334
              ],
              [
                47.142676386339915,
                44.33850821133318
              ],
              [
                47.22360137413288,
                44.20362814541521
              ],
              [
                47.33150771568562,
                44.18564566250505
              ],
              [
                47.43940642784382,
                44.03278311367693
              ],
              [
                47.56529525230671,
                43.84395559902849
              ],
              [
                47.53831771324421,
                43.67311056729021
              ],
              [
                47.49336150596882,
                43.583190523344896
              ],
              [
                47.520335230334055,
                43.511256777007006
              ],
              [
                47.56529525230671,
                43.60117300625505
              ],
              [
                47.61025527427937,
                43.75403555508318
              ],
              [
                47.6642065377071,
                43.85294684048357
              ],
              [
                47.73614028404499,
                43.861938081938646
              ],
              [
                47.67319777916218,
                43.664115511137865
              ],
              [
                47.57428649376179,
                43.50226172085466
              ],
              [
                47.60126403282429,
                43.3224254476613
              ],
              [
                47.65521148155476,
                43.277465425688646
              ],
              [
                47.58327773521687,
                43.1875491964406
              ],
              [
                47.56529525230671,
                43.007709108549975
              ],
              [
                47.73614028404499,
                42.899806581694506
              ],
              [
                47.79009154747273,
                42.85484655972185
              ],
              [
                47.84404281090046,
                42.621059023100756
              ],
              [
                47.39487912288488,
                42.58778552685864
              ],
              [
                45.8608618111446,
                42.474147402007006
              ],
              [
                45.80767730186726,
                42.53797110195818
              ],
              [
                45.648116144640696,
                42.54860647793474
              ],
              [
                45.47791961143757,
                42.54860647793474
              ],
              [
                45.25983714902755,
                42.43851801493287
              ],
              [
                43.54586158676001,
                42.83470520250434
              ],
              [
                41.12255385826374,
                43.019088350493334
              ],
              [
                40.969336542589915,
                43.076659761626146
              ],
              [
                40.55709365318562,
                43.14658697720232
              ],
              [
                40.25161651085163,
                43.26818426724138
              ],
              [
                40.09806350181843,
                43.37755163784685
              ],
              [
                39.458689722521555,
                43.832931123930834
              ],
              [
                38.92371276329304,
                44.21186026211443
              ],
              [
                38.55609038780476,
                44.385097109038256
              ],
              [
                38.27700332115437,
                44.42320593472185
              ],
              [
                38.10918334434773,
                44.493774019438646
              ],
              [
                37.880373987658274,
                44.71894796963396
              ],
              [
                37.774050745470774,
                44.74454077358904
              ],
              [
                37.62174514244343,
                44.67330893154802
              ],
              [
                37.47389129112507,
                44.69235952969255
              ],
              [
                37.31793883751179,
                44.92420920010271
              ],
              [
                36.95986846397663,
                45.227355562407396
              ],
              [
                37.22774795006062,
                45.31201895352068
              ],
              [
                37.4609709114864,
                45.31247671719255
              ],
              [
                37.661265406115305,
                45.345233522612475
              ],
              [
                37.70609572838093,
                45.57840307827654
              ],
              [
                37.867877039416086,
                45.79251440640154
              ],
              [
                37.98994353721882,
                46.00666006680193
              ],
              [
                38.22715285728718,
                46.02009161587419
              ],
              [
                38.45897963951374,
                46.07891424771013
              ],
              [
                38.2649145455196,
                46.31855734463396
              ],
              [
                37.970171961291086,
                46.441283785063646
              ],
              [
                37.757098230822336,
                46.60319098110857
              ],
              [
                37.8665991158321,
                46.65535696621599
              ],
              [
                38.031863245470774,
                46.66868170376482
              ],
              [
                38.40109160850788,
                46.7213512289113
              ],
              [
                38.72273925255085,
                46.877921663481615
              ],
              [
                39.282359156115305,
                47.07403143521013
              ],
              [
                39.194094690783274,
                47.24295004482927
              ],
              [
                39.159853968127024,
                47.26889380093279
              ],
              [
                38.80024627159382,
                47.22916754360857
              ],
              [
                38.209727320177805,
                47.15045889492693
              ],
              [
                37.85925200889851,
                47.103744112212084
              ],
              [
                37.42214492271687,
                47.07688101406755
              ],
              [
                37.19263366173054,
                46.89442022915544
              ],
              [
                36.86455825279499,
                46.809291444975756
              ],
              [
                36.35396865318562,
                46.77579840298357
              ],
              [
                35.85055831383015,
                46.66439016934099
              ],
              [
                35.624331507189524,
                46.52106054897966
              ],
              [
                35.41610244224812,
                46.494689546782396
              ],
              [
                35.21237472008015,
                46.63714178677263
              ],
              [
                35.04636672447468,
                46.357650362212084
              ],
              [
                34.906809839709055,
                46.27302130337419
              ],
              [
                34.69234755943562,
                46.25312765713396
              ],
              [
                34.49565413902546,
                46.27870138760271
              ],
              [
                34.06421569298054,
                46.26487311001482
              ],
              [
                33.83908370445515,
                46.193053804594896
              ],
              [
                34.12725737999226,
                46.06389959927263
              ],
              [
                35.00805190513874,
                45.61194571133318
              ],
              [
                35.031897577746165,
                45.53427466030779
              ],
              [
                34.9900122017696,
                45.45001562710466
              ],
              [
                35.063418421252024,
                45.34009894009294
              ],
              [
                35.31667617271687,
                45.32118185635271
              ],
              [
                35.54621795128132,
                45.37989386196794
              ],
              [
                35.8497648567989,
                45.4452281820363
              ],
              [
                36.323164972765696,
                45.439696871001146
              ],
              [
                36.52104857872273,
                45.38828619595232
              ],
              [
                36.41513350914265,
                45.271571718413256
              ],
              [
                36.36711409996296,
                45.161483370024584
              ],
              [
                36.264754328234446,
                45.09658774014177
              ],
              [
                36.00469878624226,
                45.04433401699724
              ],
              [
                35.865454706652415,
                45.031119905669115
              ],
              [
                35.59955504844929,
                45.10174139614763
              ],
              [
                35.386660608752024,
                45.08192404385271
              ],
              [
                35.06732085655476,
                44.86172445889177
              ],
              [
                34.61416152427937,
                44.8414684164113
              ],
              [
                34.37224105308796,
                44.75717505093279
              ],
              [
                34.13495543907429,
                44.53749807949724
              ],
              [
                34.01372435997273,
                44.49212225552263
              ],
              [
                33.66015532921101,
                44.52365835781755
              ],
              [
                33.39549544761921,
                44.600490175444506
              ],
              [
                33.55937865684773,
                44.93613775845232
              ],
              [
                33.516673120959055,
                45.12350805874529
              ],
              [
                33.397872004015696,
                45.25268133755388
              ],
              [
                33.013491663439524,
                45.38137014980974
              ],
              [
                32.926287683947336,
                45.38767202969255
              ],
              [
                32.64344695518757,
                45.380633913237475
              ],
              [
                32.575301203234446,
                45.361083589751146
              ],
              [
                32.50324157188679,
                45.44510229702654
              ],
              [
                32.902258905871165,
                45.67258032437029
              ],
              [
                33.19164946983601,
                45.78977545376482
              ],
              [
                33.53945830772663,
                45.874713503081225
              ],
              [
                33.638838800890696,
                45.92677267666521
              ],
              [
                33.52794555137898,
                46.13406332607927
              ],
              [
                33.33253386925007,
                46.16611059780779
              ],
              [
                32.9729338021114,
                46.14594992275896
              ],
              [
                32.51644423912312,
                46.12558325405779
              ],
              [
                32.202166590197336,
                46.17036017056169
              ],
              [
                32.11410430382038,
                46.215621553618334
              ],
              [
                31.925940546496165,
                46.409930788237475
              ],
              [
                32.188792261584055,
                46.59223898525896
              ],
              [
                31.951270136339915,
                46.86462744351091
              ],
              [
                31.78104690025593,
                46.701861940581225
              ],
              [
                31.53773406456257,
                46.701381288725756
              ],
              [
                31.087231668932688,
                46.6355357992238
              ],
              [
                30.832856211169016,
                46.576591097075365
              ],
              [
                30.52046111534382,
                46.25140722866716
              ],
              [
                30.432847403352774,
                46.175749569852435
              ],
              [
                30.380036249832592,
                46.130145198757525
              ],
              [
                29.121199124709765,
                48.20262194156298
              ],
              [
                29.456202042798395,
                48.36469388440768
              ],
              [
                29.84803193240183,
                49.278963626815695
              ],
              [
                34.680600570844234,
                48.56060882920939
              ],
              [
                37.03157990846486,
                49.73609849801971
              ],
              [
                38.1417645956746,
                49.60548853481856
              ],
              [
                38.18090574737083,
                49.996900051780834
              ],
              [
                30.815918893176537,
                56.15044232220778
              ],
              [
                30.93559509207821,
                56.389794720011125
              ],
              [
                30.73811447292015,
                56.98223657748532
              ],
              [
                31.281186175604823,
                57.27845750622241
              ],
              [
                32.416699735763686,
                57.27845750622241
              ],
              [
                32.52553617802532,
                57.899221198091325
              ],
              [
                33.50511090203392,
                57.9645261796919
              ],
              [
                34.28877068124079,
                57.833916216490756
              ],
              [
                36.11731016605684,
                56.72373152928101
              ],
              [
                37.74993470607116,
                56.98495145568331
              ],
              [
                38.860119393280904,
                58.35635606929534
              ],
              [
                38.40298452207689,
                59.27062581170336
              ],
              [
                36.24792012925798,
                60.1195905725108
              ],
              [
                36.31322511085855,
                60.6420304253154
              ],
              [
                37.09688489006543,
                61.16447027811998
              ],
              [
                37.88054466927231,
                61.03386031491883
              ],
              [
                39.8396941172895,
                60.1195905725108
              ],
              [
                40.949878804499235,
                60.18489555411138
              ],
              [
                41.211098730901526,
                60.446115480513676
              ],
              [
                41.211098730901526,
                61.16447027811998
              ],
              [
                45.71714246134106,
                62.20934998372915
              ],
              [
                46.04366736934393,
                62.078740020527995
              ],
              [
                45.96480886560179,
                57.734515685377644
              ],
              [
                47.83201023532538,
                57.81341151790118
              ]
            ]
          ]
        ]
      }
    },
    {
      "type": "Feature",
      "id": "ming_222",
      "properties": {
        "name": "White Horde",
        "admin_level": "province",
        "year": 1400,
        "source": "historical-basemaps"
      },
      "geometry": {
        "type": "MultiPolygon",
        "coordinates": [
          [
            [
              [
                65.08003871608062,
                46.32620114911235
              ],
              [
                61.39112153046092,
                46.384073504311544
              ],
              [
                61.56152849777715,
                46.59722199905923
              ],
              [
                61.654314910201485,
                46.76888604094127
              ],
              [
                61.46578081687108,
                46.76685770303427
              ],
              [
                61.31278194532028,
                46.681937132565
              ],
              [
                61.24960821771218,
                46.61146341148169
              ],
              [
                61.123260762496,
                46.56533479526449
              ],
              [
                60.938085937500006,
                46.48984375
              ],
              [
                60.84619140625,
                46.524365234375
              ],
              [
                60.799414062500006,
                46.568994140624994
              ],
              [
                60.78310546875002,
                46.632666015625
              ],
              [
                60.858720778137084,
                46.69751026967617
              ],
              [
                60.84292734623507,
                46.77328051105081
              ],
              [
                60.657354521386296,
                46.82193373637954
              ],
              [
                60.50336856034156,
                46.805720882530835
              ],
              [
                60.52311035021909,
                46.72728984709923
              ],
              [
                60.637792968750006,
                46.72080078125
              ],
              [
                60.72802734375,
                46.676025390625
              ],
              [
                60.725683593750006,
                46.625830078125
              ],
              [
                60.65117187500002,
                46.5890625
              ],
              [
                60.6044921875,
                46.578076171875
              ],
              [
                60.55458984375002,
                46.58564453125
              ],
              [
                60.50117187500001,
                46.611767578125
              ],
              [
                60.459570312500006,
                46.592822265624996
              ],
              [
                60.4296875,
                46.52890625
              ],
              [
                60.39628906250002,
                46.54306640625
              ],
              [
                60.359375,
                46.63525390625
              ],
              [
                60.3173828125,
                46.687451171875
              ],
              [
                60.2705078125,
                46.69970703125
              ],
              [
                60.1890625,
                46.676806640624996
              ],
              [
                60.07304687500002,
                46.618798828124994
              ],
              [
                60.00917968750002,
                46.56064453125
              ],
              [
                59.99765625,
                46.502392578125
              ],
              [
                60.02070312500001,
                46.4494140625
              ],
              [
                60.078710937500006,
                46.401757812499994
              ],
              [
                60.211190070154124,
                46.28705644180795
              ],
              [
                60.45598826463549,
                46.27341226361115
              ],
              [
                60.56654228794965,
                46.2652241257784
              ],
              [
                60.82255859375002,
                46.2431640625
              ],
              [
                60.82412109375002,
                46.213427734374996
              ],
              [
                60.785676155590224,
                46.15182938169456
              ],
              [
                60.72348951747596,
                46.167896476527744
              ],
              [
                60.60503877821078,
                46.126864803693984
              ],
              [
                60.55272303503533,
                46.15490642262496
              ],
              [
                60.47869132299459,
                46.204798832250326
              ],
              [
                60.300028124602946,
                46.16379468557784
              ],
              [
                60.018707618848154,
                46.212995991577614
              ],
              [
                59.8154296875,
                46.181396484375
              ],
              [
                59.80078125,
                46.254541015624994
              ],
              [
                59.77890625,
                46.30146484375
              ],
              [
                59.74941406250002,
                46.322119140625
              ],
              [
                59.698828125,
                46.331298828125
              ],
              [
                59.57695312500002,
                46.33349609375
              ],
              [
                59.548828125,
                46.344775390624996
              ],
              [
                59.53076171875,
                46.342675781249994
              ],
              [
                59.48074384468552,
                46.317061674124076
              ],
              [
                59.54589175128136,
                46.239286952813195
              ],
              [
                59.54984010925688,
                45.99432927168688
              ],
              [
                59.431389369991685,
                45.80335953140493
              ],
              [
                59.28727430388571,
                45.835004190392546
              ],
              [
                59.3010935568,
                45.88037598402809
              ],
              [
                59.36031892643258,
                45.93257643269082
              ],
              [
                59.366241463395845,
                45.99021455721743
              ],
              [
                59.328732062628525,
                46.02586525287821
              ],
              [
                59.263584156032685,
                46.027235974618826
              ],
              [
                59.19843624943684,
                46.02312370742909
              ],
              [
                59.14315923777975,
                46.00667157960924
              ],
              [
                59.0701146152329,
                46.001186449324834
              ],
              [
                58.98164062500001,
                45.974609375
              ],
              [
                58.95742187500002,
                45.968212890625
              ],
              [
                58.88059343240862,
                45.95591337306103
              ],
              [
                58.81544552581277,
                45.931203365557586
              ],
              [
                58.771582031250006,
                45.89501953125
              ],
              [
                58.720703125,
                45.84765625
              ],
              [
                58.68125,
                45.783642578125
              ],
              [
                58.6552734375,
                45.715722656249994
              ],
              [
                58.6279296875,
                45.600244140624994
              ],
              [
                58.611328125,
                45.584716796875
              ],
              [
                58.58867187500002,
                45.537060546875
              ],
              [
                58.56005859375,
                45.4572265625
              ],
              [
                58.51357421875002,
                45.385693359375
              ],
              [
                58.44921875,
                45.322412109374994
              ],
              [
                58.40410156250002,
                45.25302734375
              ],
              [
                58.37832031250002,
                45.177539062499996
              ],
              [
                58.27216796875001,
                44.981689453125
              ],
              [
                58.23808593750002,
                44.903125
              ],
              [
                58.23212890625001,
                44.851318359375
              ],
              [
                58.2509765625,
                44.786425781249996
              ],
              [
                58.29462890625001,
                44.708349609375
              ],
              [
                58.29667968750002,
                44.638427734375
              ],
              [
                58.25712890625002,
                44.5765625
              ],
              [
                58.19851459213994,
                44.519655010233876
              ],
              [
                58.22953899843049,
                44.45325440064497
              ],
              [
                54.113252312541945,
                41.78473566736151
              ],
              [
                54.02352813194538,
                41.85651358242693
              ],
              [
                54.02352813194538,
                41.95229300137224
              ],
              [
                54.02352813194538,
                42.04807242031755
              ],
              [
                53.98521712730671,
                42.10553701992693
              ],
              [
                53.73619368980671,
                42.13427313442888
              ],
              [
                53.45843413780476,
                42.09596212979021
              ],
              [
                53.26687529991413,
                42.086383424956225
              ],
              [
                53.06574157188679,
                42.028915010649584
              ],
              [
                52.97954085777546,
                41.904403291899584
              ],
              [
                52.94122985313679,
                41.7703128683156
              ],
              [
                52.998694452746165,
                41.68411215420427
              ],
              [
                52.96996215294148,
                41.55960043545427
              ],
              [
                52.931651148302805,
                41.37762030239763
              ],
              [
                52.96038344810749,
                41.272262178618334
              ],
              [
                52.96996215294148,
                41.13817175503435
              ],
              [
                52.855025324328196,
                41.38719519253435
              ],
              [
                52.692202600939524,
                41.53086432095232
              ],
              [
                52.71136001060749,
                41.60749014492693
              ],
              [
                52.68262389610554,
                41.693690859038256
              ],
              [
                52.55927184532429,
                41.757838808257006
              ],
              [
                52.600745233996165,
                41.93767889614763
              ],
              [
                52.573767694933665,
                42.0186038839406
              ],
              [
                52.51981643150593,
                42.072555147368334
              ],
              [
                52.58275893638874,
                42.18944891567888
              ],
              [
                52.672678980334055,
                42.27936895962419
              ],
              [
                52.73562148521687,
                42.42324026699724
              ],
              [
                52.75360778282429,
                42.55811651821794
              ],
              [
                52.83453277061726,
                42.648036562163256
              ],
              [
                52.76259902427937,
                42.755939089018725
              ],
              [
                52.58275893638874,
                42.827872835356615
              ],
              [
                52.37594893883015,
                42.800895296294115
              ],
              [
                52.295020136339915,
                42.87283285732927
              ],
              [
                52.16014388511921,
                42.84585531826677
              ],
              [
                52.0702238411739,
                42.827872835356615
              ],
              [
                51.980303797228586,
                42.90880163784685
              ],
              [
                51.88139632652546,
                43.05266913052263
              ],
              [
                51.737525019152415,
                43.178554140288256
              ],
              [
                51.58466247032429,
                43.178554140288256
              ],
              [
                51.422808680041086,
                43.16956289883318
              ],
              [
                51.422808680041086,
                43.25948294277849
              ],
              [
                51.458777460558665,
                43.385367952544115
              ],
              [
                51.36885741661335,
                43.556212984282396
              ],
              [
                51.26095488975788,
                43.61016424771013
              ],
              [
                51.17103484581257,
                43.7180667745656
              ],
              [
                50.99119857261921,
                44.077743135649584
              ],
              [
                50.95522979210163,
                44.20362814541521
              ],
              [
                50.70345977257038,
                44.25757940884294
              ],
              [
                50.388743433459055,
                44.29354818936052
              ],
              [
                50.32580092857624,
                44.36548193569841
              ],
              [
                50.33479217003132,
                44.56330450649919
              ],
              [
                50.40672591636921,
                44.61725576992693
              ],
              [
                50.54160598228718,
                44.64423330898943
              ],
              [
                50.72144225548054,
                44.635238252837084
              ],
              [
                50.874304804308665,
                44.626247011382006
              ],
              [
                51.0901098580196,
                44.56330450649919
              ],
              [
                51.332888636095774,
                44.482379518706225
              ],
              [
                51.41381743858601,
                44.51834448452654
              ],
              [
                51.57567122886921,
                44.554313265044115
              ],
              [
                51.4857511849239,
                44.626247011382006
              ],
              [
                51.36885741661335,
                44.68019827480974
              ],
              [
                51.18902114341999,
                44.77011831875505
              ],
              [
                51.09910109947468,
                44.87802084561052
              ],
              [
                51.21599486778523,
                45.039874635893725
              ],
              [
                51.34188369224812,
                45.05785711880388
              ],
              [
                51.37784865806843,
                45.17475088711443
              ],
              [
                51.458777460558665,
                45.309630953032396
              ],
              [
                51.5127287239864,
                45.37257345791521
              ],
              [
                51.629622492296946,
                45.35459097500505
              ],
              [
                51.77349379966999,
                45.390555940825365
              ],
              [
                51.84542754600788,
                45.43551596279802
              ],
              [
                51.99829009483601,
                45.38156469937029
              ],
              [
                52.10619262169148,
                45.38156469937029
              ],
              [
                52.60973647545124,
                45.39955099697771
              ],
              [
                53.059329065783274,
                45.33660467739763
              ],
              [
                53.284129175646555,
                45.32761343594255
              ],
              [
                53.2121916146114,
                45.36358221646013
              ],
              [
                53.059329065783274,
                45.45349844570818
              ],
              [
                52.843524012072336,
                45.50745352383318
              ],
              [
                52.83453277061726,
                45.64232977505388
              ],
              [
                52.92445281456257,
                45.73224981899919
              ],
              [
                53.050337824328196,
                45.831161104399584
              ],
              [
                53.149249109728586,
                45.95704611416521
              ],
              [
                53.20320037315632,
                46.1908336507863
              ],
              [
                53.257151636584055,
                46.31672247524919
              ],
              [
                53.185217890246165,
                46.424621187407396
              ],
              [
                53.12227538536335,
                46.49655874844255
              ],
              [
                53.16723159263874,
                46.5864749776906
              ],
              [
                53.284129175646555,
                46.67639502163591
              ],
              [
                53.23017791221882,
                46.730346285063646
              ],
              [
                53.185217890246165,
                46.865226350981615
              ],
              [
                53.02336409996296,
                46.91917761440935
              ],
              [
                52.86151030967976,
                46.937160097319506
              ],
              [
                52.55578521202351,
                46.98212011929216
              ],
              [
                52.465865168078196,
                46.910182558257006
              ],
              [
                52.37594893883015,
                46.87421759243669
              ],
              [
                52.14215758751179,
                46.838248811919115
              ],
              [
                51.935347589953196,
                46.89220007534685
              ],
              [
                51.79147628258015,
                47.009093843657396
              ],
              [
                51.6745825142696,
                47.036071382719896
              ],
              [
                51.36885741661335,
                47.09002264614763
              ],
              [
                51.117083582384836,
                47.06304510708513
              ],
              [
                50.82035354088093,
                46.91917761440935
              ],
              [
                50.63152221153523,
                46.910182558257006
              ],
              [
                50.27184966514851,
                46.68538626309099
              ],
              [
                50.20723437374214,
                46.66025834802806
              ],
              [
                47.83201023532538,
                57.81341151790118
              ],
              [
                54.92163183184503,
                58.11297299381046
              ],
              [
                55.465224704696695,
                58.13594170674786
              ],
              [
                58.293141299587475,
                58.42450462459385
              ],
              [
                61.881311869416805,
                59.851680200893746
              ],
              [
                70.6872193104639,
                62.538697653787196
              ],
              [
                77.03843393458506,
                61.974145242754204
              ],
              [
                85.08330579180519,
                58.16341646828151
              ],
              [
                93.97500626557478,
                56.89317354345729
              ],
              [
                90,
                50.07330645934762
              ],
              [
                88.38876015840334,
                50.4008208165779
              ],
              [
                85.67890858544497,
                50.310492430812616
              ],
              [
                82.42708669789495,
                49.587865344690385
              ],
              [
                79.17526481034493,
                49.40720857315983
              ],
              [
                70.50373977687818,
                50.129835659282065
              ],
              [
                65.08003871608062,
                46.32620114911235
              ]
            ]
          ]
        ]
      }
    },
    {
      "type": "Feature",
      "id": "ming_223",
      "properties": {
        "name": "Chagatai Khanate",
        "admin_level": "province",
        "year": 1400,
        "source": "historical-basemaps"
      },
      "geometry": {
        "type": "MultiPolygon",
        "coordinates": [
          [
            [
              [
                74.29518853648297,
                34.820307450859254
              ],
              [
                76.1687109748792,
                40.77313462770811
              ],
              [
                71.7289489912891,
                42.74831877202286
              ],
              [
                73.28676021360141,
                44.2176156556927
              ],
              [
                71.80683955240471,
                45.59666953327023
              ],
              [
                64.49808269828088,
                45.91807614961643
              ],
              [
                65.08003871608062,
                46.32620114911235
              ],
              [
                70.50373977687818,
                50.129835659282065
              ],
              [
                79.17526481034493,
                49.40720857315983
              ],
              [
                82.42708669789495,
                49.587865344690385
              ],
              [
                85.67890858544497,
                50.310492430812616
              ],
              [
                88.38876015840334,
                50.4008208165779
              ],
              [
                90,
                50.07330645934762
              ],
              [
                93.80846330432006,
                49.67819373045566
              ],
              [
                93.26649298972838,
                49.136223415863995
              ],
              [
                93.80846330432006,
                48.59425310127232
              ],
              [
                93.80846330432006,
                48.05228278668065
              ],
              [
                90,
                46.42637184290564
              ],
              [
                90,
                43.89717704147783
              ],
              [
                92.00189558901448,
                41.909952554641706
              ],
              [
                81.25281768294633,
                35.31598039377637
              ],
              [
                78.4526377242227,
                35.135323622245814
              ],
              [
                76.01377130856017,
                35.49663716530693
              ],
              [
                74.659174681669,
                34.9644361838324
              ],
              [
                74.29518853648297,
                34.820307450859254
              ]
            ],
            [
              [
                78.92958984375002,
                46.788330078125
              ],
              [
                78.8681640625,
                46.798730468749994
              ],
              [
                78.82294921875001,
                46.794824218749994
              ],
              [
                78.79306640625003,
                46.780029296875
              ],
              [
                78.78730468750001,
                46.75498046875
              ],
              [
                78.78388671875001,
                46.734912109374996
              ],
              [
                78.76093750000001,
                46.723828125
              ],
              [
                78.63027343750002,
                46.746972656249994
              ],
              [
                78.58056640625,
                46.723095703125
              ],
              [
                78.55136718750003,
                46.707373046875
              ],
              [
                78.50390625,
                46.664697265624994
              ],
              [
                78.47646484375002,
                46.624609375
              ],
              [
                78.45195312499999,
                46.618066406249994
              ],
              [
                78.43320312500003,
                46.652490234374994
              ],
              [
                78.39707031250003,
                46.657666015625
              ],
              [
                78.36777343750003,
                46.642919921875
              ],
              [
                78.35878906250002,
                46.6234375
              ],
              [
                78.34785156250001,
                46.512060546875
              ],
              [
                78.32431640625003,
                46.482226562499996
              ],
              [
                78.29707031250001,
                46.468554687499996
              ],
              [
                78.16933593750002,
                46.58017578125
              ],
              [
                78.13632812500003,
                46.594921875
              ],
              [
                77.85996093750003,
                46.647851562499994
              ],
              [
                77.69003906250003,
                46.658642578125
              ],
              [
                77.64472656250001,
                46.656054687499996
              ],
              [
                77.6015625,
                46.640039062499994
              ],
              [
                77.37031250000001,
                46.62275390625
              ],
              [
                77.26601562500002,
                46.611376953124996
              ],
              [
                77.22636718749999,
                46.566699218749996
              ],
              [
                77.1748046875,
                46.555957031249996
              ],
              [
                77.08242187500002,
                46.624609375
              ],
              [
                76.85927734375002,
                46.643847656249996
              ],
              [
                76.79306640625003,
                46.630664062499996
              ],
              [
                76.69960937500002,
                46.66748046875
              ],
              [
                76.66835937500002,
                46.673388671874996
              ],
              [
                76.6,
                46.664599609374996
              ],
              [
                76.49628906250001,
                46.635546875
              ],
              [
                76.45048828124999,
                46.64072265625
              ],
              [
                76.40517578125002,
                46.662255859374994
              ],
              [
                76.3359375,
                46.72861328125
              ],
              [
                76.29765624999999,
                46.752880859375
              ],
              [
                76.203125,
                46.780029296875
              ],
              [
                75.95058593750002,
                46.7951171875
              ],
              [
                75.82587890625001,
                46.81806640625
              ],
              [
                75.4267578125,
                46.7375
              ],
              [
                75.3384765625,
                46.729931640625
              ],
              [
                75.20058593750002,
                46.7587890625
              ],
              [
                75.1626953125,
                46.774560546874994
              ],
              [
                75.08867187500002,
                46.813623046874994
              ],
              [
                74.97402343750002,
                46.8140625
              ],
              [
                74.93935546875002,
                46.81679687499999
              ],
              [
                74.804296875,
                46.780566406249996
              ],
              [
                74.62539062500002,
                46.752099609374994
              ],
              [
                74.553125,
                46.690234375
              ],
              [
                74.52421875000002,
                46.622949218749994
              ],
              [
                74.42998046875002,
                46.578271484374994
              ],
              [
                74.374609375,
                46.518017578125
              ],
              [
                74.27978515625,
                46.47021484375
              ],
              [
                74.0943359375,
                46.42783203125
              ],
              [
                74.02324218750002,
                46.3693359375
              ],
              [
                73.94951171875002,
                46.288378906249996
              ],
              [
                74.026953125,
                46.222460937499996
              ],
              [
                74.02070312500001,
                46.204882812499996
              ],
              [
                73.98183593750002,
                46.186376953125
              ],
              [
                73.89755859375,
                46.207861328125
              ],
              [
                73.82939453125002,
                46.185107421874996
              ],
              [
                73.77490234375,
                46.206494140625
              ],
              [
                73.751953125,
                46.20263671875
              ],
              [
                73.679296875,
                46.183056640625
              ],
              [
                73.6455078125,
                46.15
              ],
              [
                73.65400390625001,
                46.092675781249994
              ],
              [
                73.6626953125,
                46.062353515625
              ],
              [
                73.73710937500002,
                46.012744140624996
              ],
              [
                73.71513671875002,
                45.98251953125
              ],
              [
                73.63251953125001,
                45.90673828125
              ],
              [
                73.55986328125002,
                45.816357421875
              ],
              [
                73.48828125,
                45.831103515624996
              ],
              [
                73.4634765625,
                45.82626953125
              ],
              [
                73.4400390625,
                45.805859375
              ],
              [
                73.45107421875002,
                45.779589843749996
              ],
              [
                73.51884765625002,
                45.763037109375
              ],
              [
                73.5318359375,
                45.734179687499996
              ],
              [
                73.49433593750001,
                45.686572265624996
              ],
              [
                73.44365234375002,
                45.65703125
              ],
              [
                73.43671875000001,
                45.60947265625
              ],
              [
                73.46523437500002,
                45.582470703125
              ],
              [
                73.61474609375,
                45.513330078124994
              ],
              [
                73.6626953125,
                45.43564453125
              ],
              [
                73.83974609375002,
                45.2638671875
              ],
              [
                73.87675781250002,
                45.2392578125
              ],
              [
                73.98066406250001,
                45.20419921875
              ],
              [
                73.99931640625002,
                45.188720703125
              ],
              [
                74.00771484375002,
                45.146533203124996
              ],
              [
                73.99335937500001,
                45.112353515624996
              ],
              [
                74.015625,
                45.056494140625
              ],
              [
                74.00957031250002,
                45.0337890625
              ],
              [
                74.0171875,
                45.012939453125
              ],
              [
                74.05605468750002,
                44.994433593749996
              ],
              [
                74.1,
                44.988916015624994
              ],
              [
                74.11953125000002,
                44.99970703125
              ],
              [
                74.09423828125,
                45.040087890624996
              ],
              [
                74.10097656250002,
                45.05859375
              ],
              [
                74.13564453125002,
                45.070166015625
              ],
              [
                74.14335937500002,
                45.102929687499994
              ],
              [
                74.15566406250002,
                45.270556640624996
              ],
              [
                74.1509765625,
                45.317285156249994
              ],
              [
                74.12832031250002,
                45.336865234375
              ],
              [
                74.0865234375,
                45.343505859375
              ],
              [
                74.08281250000002,
                45.35205078125
              ],
              [
                74.08935546875,
                45.509082031249996
              ],
              [
                74.1005859375,
                45.536865234375
              ],
              [
                74.23076171875002,
                45.61533203125
              ],
              [
                74.28945312500002,
                45.650634765625
              ],
              [
                74.31269531250001,
                45.670947265624996
              ],
              [
                74.31093750000002,
                45.695458984374994
              ],
              [
                74.24531250000001,
                45.739501953125
              ],
              [
                74.24287109375001,
                45.75166015625
              ],
              [
                74.25078125000002,
                45.761035156249996
              ],
              [
                74.28925781250001,
                45.764697265624996
              ],
              [
                74.3033203125,
                45.789794921875
              ],
              [
                74.253125,
                45.941650390625
              ],
              [
                74.25820312500002,
                45.976708984374994
              ],
              [
                74.27802734375001,
                46.004052734374994
              ],
              [
                74.36992187500002,
                46.020068359374996
              ],
              [
                74.54990234375,
                46.005908203124996
              ],
              [
                74.59921875,
                46.022216796875
              ],
              [
                74.77138671875002,
                46.1078125
              ],
              [
                74.79384765625002,
                46.130273437499994
              ],
              [
                74.81523437500002,
                46.215625
              ],
              [
                74.85664062500001,
                46.2939453125
              ],
              [
                74.88808593750002,
                46.3765625
              ],
              [
                74.91123046875,
                46.404638671875
              ],
              [
                75.0125,
                46.41708984375
              ],
              [
                75.06669921875002,
                46.450976562499996
              ],
              [
                75.09316406250002,
                46.460888671875
              ],
              [
                75.12109375,
                46.446435546874994
              ],
              [
                75.15185546875,
                46.4375
              ],
              [
                75.21220703125002,
                46.426611328125
              ],
              [
                75.2408203125,
                46.44765625
              ],
              [
                75.255859375,
                46.474169921874996
              ],
              [
                75.27773437500002,
                46.514892578125
              ],
              [
                75.30400390625002,
                46.519384765625
              ],
              [
                75.330078125,
                46.5126953125
              ],
              [
                75.35009765625,
                46.469873046874994
              ],
              [
                75.40566406250002,
                46.47080078125
              ],
              [
                75.44804687500002,
                46.498339843749996
              ],
              [
                75.43212890625,
                46.541894531249994
              ],
              [
                75.40400390625001,
                46.609716796875
              ],
              [
                75.41718750000001,
                46.64111328125
              ],
              [
                75.46328125000002,
                46.67060546875
              ],
              [
                75.50917968750002,
                46.678027343749996
              ],
              [
                75.55283203125,
                46.67255859375
              ],
              [
                75.55976562500001,
                46.652978515624994
              ],
              [
                75.56240234375002,
                46.64599609375
              ],
              [
                75.54804687500001,
                46.63447265625
              ],
              [
                75.50820312500002,
                46.636181640625
              ],
              [
                75.490234375,
                46.631005859374994
              ],
              [
                75.49160156250002,
                46.596484375
              ],
              [
                75.51484375000001,
                46.566699218749996
              ],
              [
                75.55781250000001,
                46.530322265624996
              ],
              [
                75.611328125,
                46.507177734375
              ],
              [
                75.71455078125001,
                46.516455078125
              ],
              [
                75.86699218750002,
                46.53564453125
              ],
              [
                75.909375,
                46.5357421875
              ],
              [
                76.03330078125003,
                46.511669921875
              ],
              [
                76.17626953125,
                46.531982421875
              ],
              [
                76.23847656250001,
                46.5548828125
              ],
              [
                76.46396484375003,
                46.541894531249994
              ],
              [
                76.74179687500003,
                46.531982421875
              ],
              [
                76.85263671875003,
                46.49228515625
              ],
              [
                77.00361328125001,
                46.463671875
              ],
              [
                77.10390625000002,
                46.454248046874994
              ],
              [
                77.16513671875003,
                46.489013671875
              ],
              [
                77.28203124999999,
                46.472949218749996
              ],
              [
                77.35527343749999,
                46.502246093749996
              ],
              [
                77.42929687500003,
                46.499658203124994
              ],
              [
                77.56259765625003,
                46.435449218749994
              ],
              [
                77.65214843749999,
                46.415429687499994
              ],
              [
                77.72578125000001,
                46.407128906249994
              ],
              [
                77.78115234375002,
                46.4228515625
              ],
              [
                77.81748046875003,
                46.439404296875
              ],
              [
                77.86542968750001,
                46.428662109375
              ],
              [
                78.017578125,
                46.342626953125
              ],
              [
                78.0751953125,
                46.328271484374994
              ],
              [
                78.12753906250003,
                46.318652343749996
              ],
              [
                78.16064453125,
                46.318652343749996
              ],
              [
                78.2333984375,
                46.336865234375
              ],
              [
                78.31728515625002,
                46.349853515625
              ],
              [
                78.36738281250001,
                46.338525390624994
              ],
              [
                78.40869140625,
                46.298828125
              ],
              [
                78.44511718749999,
                46.297167968749996
              ],
              [
                78.46210937500001,
                46.312792968749996
              ],
              [
                78.43515625000003,
                46.3517578125
              ],
              [
                78.43837890625002,
                46.376855468749994
              ],
              [
                78.46542968750003,
                46.392431640625
              ],
              [
                78.54433593750002,
                46.4013671875
              ],
              [
                78.62529296874999,
                46.379833984375
              ],
              [
                78.71132812500002,
                46.396386718749994
              ],
              [
                78.78740234374999,
                46.384814453124996
              ],
              [
                78.88984375000001,
                46.369921875
              ],
              [
                78.97109375000002,
                46.406005859375
              ],
              [
                79.02275390624999,
                46.4474609375
              ],
              [
                79.06796875000003,
                46.525830078125
              ],
              [
                79.09492187500001,
                46.581591796874996
              ],
              [
                79.15742187500001,
                46.602783203125
              ],
              [
                79.21728515625,
                46.609716796875
              ],
              [
                79.23554687500001,
                46.633544921875
              ],
              [
                79.2451171875,
                46.645166015624994
              ],
              [
                79.24472656250003,
                46.6796875
              ],
              [
                79.22197265624999,
                46.72041015625
              ],
              [
                79.1767578125,
                46.7638671875
              ],
              [
                79.121875,
                46.798828125
              ],
              [
                79.08417968750001,
                46.810107421874996
              ],
              [
                79.05185546875003,
                46.80771484375
              ],
              [
                79.02216796875001,
                46.794921875
              ],
              [
                79.01884765624999,
                46.768457031249994
              ],
              [
                78.99082031250003,
                46.7486328125
              ],
              [
                78.92958984375002,
                46.788330078125
              ]
            ]
          ]
        ]
      }
    }
  ]
}