{
  "type": "FeatureCollection",
  "name": "元朝 (1271-1368)",
  "period": "元朝",
  "valid_from": 1271,
  "valid_to": 1368,
  "description": "Yuan Dynasty territorial extent, circa 1279 CE",
  "features": [
    {
      "type": "Feature",
      "id": "yuan_38",
      "properties": {
        "name": "Hainan",
        "admin_level": "empire",
        "year": 1279,
        "source": "historical-basemaps"
      },
      "geometry": {
        "type": "MultiPolygon",
        "coordinates": [
          [
            [
              [
                109.42965224693562,
                18.096622072417162
              ],
              [
                108.93858626793171,
                18.33060225125017
              ],
              [
                108.65192702720906,
                18.482448183257006
              ],
              [
                108.56047347496296,
                19.060296617705248
              ],
              [
                108.57689956138874,
                19.187371813017748
              ],
              [
                108.68497756431843,
                19.295583330351732
              ],
              [
                108.87368300865437,
                19.40395887966814
              ],
              [
                109.19816115806843,
                19.684140764433764
              ],
              [
                109.42011550377156,
                19.659205995757006
              ],
              [
                109.44225600670124,
                19.73547514553728
              ],
              [
                109.5503263802364,
                19.91355665798845
              ],
              [
                109.65765670250202,
                19.901086412627123
              ],
              [
                109.91588118980671,
                19.800006471831225
              ],
              [
                110.06061843345906,
                19.940053545195482
              ],
              [
                110.25832656334187,
                19.940475069243334
              ],
              [
                110.61735061119343,
                20.017461382109545
              ],
              [
                110.88536361168171,
                19.70678290005388
              ],
              [
                110.81180861900593,
                19.630410753447435
              ],
              [
                110.61250594566609,
                19.47118719692888
              ],
              [
                110.4270353646114,
                19.2294193136281
              ],
              [
                110.2987165779903,
                18.898843370634935
              ],
              [
                110.36146834800984,
                18.765576921660326
              ],
              [
                110.26251510093952,
                18.62562712307634
              ],
              [
                110.13131240318562,
                18.58723600979509
              ],
              [
                109.66907027672077,
                18.41473539944353
              ],
              [
                109.42965224693562,
                18.096622072417162
              ]
            ]
          ]
        ]
      }
    },
    {
      "type": "Feature",
      "id": "yuan_73",
      "properties": {
        "name": "Tibet",
        "admin_level": "empire",
        "year": 1279,
        "source": "historical-basemaps"
      },
      "geometry": {
        "type": "MultiPolygon",
        "coordinates": [
          [
            [
              [
                83.73995815744011,
                28.204841485100737
              ],
              [
                80.05398091946621,
                29.981535549447877
              ],
              [
                79.80756351070187,
                30.709232719747167
              ],
              [
                79.80756351070187,
                31.160874648573557
              ],
              [
                80.07854866799771,
                31.883501734695784
              ],
              [
                79.80756351070187,
                33.057770749644405
              ],
              [
                79.89789189646716,
                34.05138299306247
              ],
              [
                81.25281768294633,
                34.05138299306247
              ],
              [
                81.794787997538,
                34.503024921888866
              ],
              [
                81.79462389462604,
                34.76804767338405
              ],
              [
                82.69337400437699,
                34.743311431831266
              ],
              [
                86.82103604173155,
                35.1118526851665
              ],
              [
                89.91678256974747,
                35.185560935833536
              ],
              [
                90,
                35.62781043983581
              ],
              [
                89.91678256974747,
                35.99635169317104
              ],
              [
                90,
                36.51230944784036
              ],
              [
                91.68578058575658,
                36.36489294650627
              ],
              [
                95.51860962044294,
                37.10197545317673
              ],
              [
                101.68757091375052,
                36.3073807256478
              ],
              [
                102.40610101767813,
                33.720672351508384
              ],
              [
                100.68162876825185,
                28.690961624015074
              ],
              [
                98.63722518394734,
                27.47874220486345
              ],
              [
                98.55070355699716,
                28.2884319812377
              ],
              [
                97.61128834503826,
                28.938796358747705
              ],
              [
                95.08209354361047,
                28.722008232911037
              ],
              [
                91.83027165606045,
                27.276754060666583
              ],
              [
                88.66374230840769,
                26.414279106455098
              ],
              [
                86.23137003639518,
                27.003945111791463
              ],
              [
                83.73995815744011,
                28.204841485100737
              ]
            ]
          ]
        ]
      }
    },
    {
      "type": "Feature",
      "id": "yuan_76",
      "properties": {
        "name": "Chagatai Khanate",
        "admin_level": "empire",
        "year": 1279,
        "source": "historical-basemaps"
      },
      "geometry": {
        "type": "MultiPolygon",
        "coordinates": [
          [
            [
              [
                60.025647028105865,
                42.361594483468096
              ],
              [
                63.54845407295173,
                45.25210282795702
              ],
              [
                70.50373977687818,
                50.129835659282065
              ],
              [
                79.17526481034493,
                49.40720857315983
              ],
              [
                82.42708669789495,
                49.587865344690385
              ],
              [
                85.67890858544497,
                50.310492430812616
              ],
              [
                88.38876015840334,
                50.4008208165779
              ],
              [
                90,
                50.07330645934762
              ],
              [
                93.80846330432006,
                49.67819373045566
              ],
              [
                93.26649298972838,
                49.136223415863995
              ],
              [
                93.80846330432006,
                48.59425310127232
              ],
              [
                93.80846330432006,
                48.05228278668065
              ],
              [
                90,
                46.42637184290564
              ],
              [
                90,
                43.89717704147783
              ],
              [
                92.00189558901448,
                41.909952554641706
              ],
              [
                81.25281768294633,
                35.31598039377637
              ],
              [
                78.4526377242227,
                35.135323622245814
              ],
              [
                76.01377130856017,
                35.49663716530693
              ],
              [
                74.659174681669,
                34.9644361838324
              ],
              [
                72.79127117046276,
                34.22479658505415
              ],
              [
                71.66897595325027,
                33.78039783576664
              ],
              [
                71.00797290748199,
                33.054590569824995
              ],
              [
                69.82627688363858,
                31.757041994624394
              ],
              [
                67.8842165896851,
                36.85156295178611
              ],
              [
                67.34224627509343,
                37.21287649484722
              ],
              [
                66.70994757473647,
                37.21287649484722
              ],
              [
                66.52929080320592,
                38.1161603525
              ],
              [
                64.63239470213507,
                38.838787438622234
              ],
              [
                63.729110844482285,
                39.47108613897919
              ],
              [
                62.103199900707274,
                40.37436999663197
              ],
              [
                62.01287151494199,
                41.187325468519475
              ],
              [
                61.10958765728921,
                41.187325468519475
              ],
              [
                60.025647028105865,
                42.361594483468096
              ]
            ]
          ]
        ]
      }
    },
    {
      "type": "Feature",
      "id": "yuan_80",
      "properties": {
        "name": "Bulgar Khanate",
        "admin_level": "empire",
        "year": 1279,
        "source": "historical-basemaps"
      },
      "geometry": {
        "type": "MultiPolygon",
        "coordinates": [
          [
            [
              [
                20.99418346540108,
                44.70007972459091
              ],
              [
                21.358384324327346,
                44.772919896376166
              ],
              [
                22.07673912193365,
                44.4463949883733
              ],
              [
                22.337959048335943,
                44.772919896376166
              ],
              [
                22.664483956338806,
                44.64230993317502
              ],
              [
                22.468569011537088,
                44.38109000677273
              ],
              [
                22.9257038827411,
                44.18517506197101
              ],
              [
                22.9257038827411,
                43.79334517236757
              ],
              [
                23.513448717146257,
                44.054565098769864
              ],
              [
                24.231803514752556,
                43.79334517236757
              ],
              [
                24.623633404356,
                43.98926011716929
              ],
              [
                25.472598165163447,
                43.728040190767
              ],
              [
                26.45217288917204,
                44.250480043571585
              ],
              [
                27.954187465985218,
                44.250480043571585
              ],
              [
                28.084797429186366,
                44.577004951574445
              ],
              [
                27.82357750278407,
                44.838224877976735
              ],
              [
                28.01860651185924,
                45.3154810971337
              ],
              [
                28.36834704302339,
                45.33088004715959
              ],
              [
                28.402156507925586,
                45.35938606658693
              ],
              [
                29.06437215319496,
                45.1647497859796
              ],
              [
                29.710764917834055,
                45.25833471890154
              ],
              [
                29.578961405260813,
                45.05750235195818
              ],
              [
                29.457522425158274,
                44.91514929409685
              ],
              [
                29.26158240745808,
                44.8954234945363
              ],
              [
                29.089749369128,
                44.875732027251146
              ],
              [
                28.918236765368235,
                44.76575049038591
              ],
              [
                28.686247858507883,
                44.48805197354021
              ],
              [
                28.57311347435261,
                44.19782217617693
              ],
              [
                28.529885324938547,
                43.843471132475756
              ],
              [
                28.51010611961628,
                43.74307592983904
              ],
              [
                28.480538401110422,
                43.592284761626146
              ],
              [
                28.44569304893757,
                43.476363741118334
              ],
              [
                28.328095468981516,
                43.437526308257006
              ],
              [
                28.18705848167683,
                43.450118623930834
              ],
              [
                28.034638437731516,
                43.39190252896013
              ],
              [
                27.887320551378977,
                43.0635257589406
              ],
              [
                26.64808783397376,
                42.55255052195668
              ],
              [
                26.582782852373185,
                41.83419572435038
              ],
              [
                26.060342999568604,
                42.09541565075267
              ],
              [
                24.297108496353133,
                42.030110669152094
              ],
              [
                21.4889942875285,
                42.87907542995954
              ],
              [
                21.684909232330213,
                43.728040190767
              ],
              [
                20.99418346540108,
                44.70007972459091
              ]
            ]
          ]
        ]
      }
    },
    {
      "type": "Feature",
      "id": "yuan_96",
      "properties": {
        "name": "Ilkhanate",
        "admin_level": "province",
        "year": 1279,
        "source": "historical-basemaps"
      },
      "geometry": {
        "type": "MultiPolygon",
        "coordinates": [
          [
            [
              [
                45.8608618111446,
                42.474147402007006
              ],
              [
                47.39487912288488,
                42.58778552685864
              ],
              [
                47.84404281090046,
                42.621059023100756
              ],
              [
                47.969927820666086,
                42.59408529873552
              ],
              [
                48.13178161094929,
                42.40525396938982
              ],
              [
                48.2217016548946,
                42.27936895962419
              ],
              [
                48.41952422569538,
                42.09053763027849
              ],
              [
                48.50044921348835,
                41.92868383999529
              ],
              [
                48.662303003771555,
                41.90171011563005
              ],
              [
                48.683238062365305,
                41.83590658779802
              ],
              [
                48.89249709556843,
                41.68698462124529
              ],
              [
                48.99886992882038,
                41.51678808804216
              ],
              [
                49.115881952746165,
                41.4316898214406
              ],
              [
                49.24352935264851,
                41.29340323086443
              ],
              [
                49.28607848594929,
                41.05938299771013
              ],
              [
                49.34990218590046,
                40.95301016445818
              ],
              [
                49.477549585802805,
                40.83600195522966
              ],
              [
                49.60519698570515,
                40.76153906460466
              ],
              [
                49.60519698570515,
                40.68707617397966
              ],
              [
                49.80730346153523,
                40.58070334072771
              ],
              [
                50.0200529427364,
                40.6019779073781
              ],
              [
                50.190249475939524,
                40.570067964751146
              ],
              [
                50.31789687584187,
                40.495605074126146
              ],
              [
                50.42426970909382,
                40.410506807524584
              ],
              [
                50.4668188423946,
                40.32540854092302
              ],
              [
                50.4668188423946,
                40.26158484097185
              ],
              [
                50.30725768516804,
                40.32540854092302
              ],
              [
                50.12642577598835,
                40.34668310757341
              ],
              [
                50.03068831871296,
                40.34668310757341
              ],
              [
                49.913680109484446,
                40.32540854092302
              ],
              [
                49.849856409533274,
                40.27222403164568
              ],
              [
                49.66902068565632,
                40.24031027432146
              ],
              [
                49.57328322838093,
                40.17648657437029
              ],
              [
                49.55200866173054,
                40.091388307768725
              ],
              [
                49.54137328575398,
                39.87864264126482
              ],
              [
                49.48818496177937,
                39.76163061733904
              ],
              [
                49.445635828478586,
                39.655257784087084
              ],
              [
                49.403086695177805,
                39.48506125088396
              ],
              [
                49.498824152453196,
                39.378688417632006
              ],
              [
                49.48818496177937,
                39.29359015103044
              ],
              [
                49.381812128527415,
                39.325500093657396
              ],
              [
                49.33926299522663,
                39.282950960356615
              ],
              [
                49.30735305259968,
                39.13402899380388
              ],
              [
                49.27543929527546,
                39.017020784575365
              ],
              [
                49.22225478599812,
                39.038295351225756
              ],
              [
                49.179705652697336,
                39.14466818447771
              ],
              [
                49.115881952746165,
                39.18721731777849
              ],
              [
                49.041419062121165,
                39.14466818447771
              ],
              [
                49.020144495470774,
                39.00638159390154
              ],
              [
                49.05205825279499,
                38.9319225179738
              ],
              [
                48.99886992882038,
                38.87873419399919
              ],
              [
                48.945681604845774,
                38.83618506069841
              ],
              [
                48.988230738146555,
                38.719176851469896
              ],
              [
                48.824954065783274,
                38.30957754727068
              ],
              [
                48.83150771568562,
                38.3063121664113
              ],
              [
                48.809187921984446,
                37.98856695767107
              ],
              [
                48.74478057335163,
                37.727016054350756
              ],
              [
                48.837229761584055,
                37.51097448940935
              ],
              [
                49.05953124473835,
                37.39755972500505
              ],
              [
                49.475806269152415,
                37.291610323149584
              ],
              [
                49.84801391075398,
                37.268214784819506
              ],
              [
                50.038714441759836,
                37.22470434780779
              ],
              [
                50.11132338951374,
                37.09775503750505
              ],
              [
                50.25221160362507,
                36.89478644009294
              ],
              [
                50.56095412681843,
                36.686427675444506
              ],
              [
                51.41704085777546,
                36.45569189663591
              ],
              [
                51.79552367637898,
                36.43234976406755
              ],
              [
                51.993052515490305,
                36.45890387173357
              ],
              [
                52.60216430137898,
                36.57688101406755
              ],
              [
                53.139014276964915,
                36.64352758999529
              ],
              [
                53.79965499351765,
                36.67903860684099
              ],
              [
                53.98448852012898,
                36.781913362700365
              ],
              [
                54.06743911216999,
                36.94152411099138
              ],
              [
                54.008704218371165,
                37.34868963833513
              ],
              [
                54.015112909777415,
                37.348327242094896
              ],
              [
                53.98521712730671,
                37.517726503569506
              ],
              [
                53.927752527697336,
                37.824218355376146
              ],
              [
                53.87986281822468,
                38.025355898100756
              ],
              [
                53.937327417834055,
                38.15944632168474
              ],
              [
                53.937327417834055,
                38.331847749907396
              ],
              [
                53.937327417834055,
                38.57129629727068
              ],
              [
                53.98521712730671,
                38.657497011382006
              ],
              [
                54.03310683677937,
                38.79158743496599
              ],
              [
                54.07141784141804,
                38.89694555874529
              ],
              [
                55.6424460095712,
                40.05030547985856
              ],
              [
                56.76865970461873,
                41.37238242621869
              ],
              [
                60.025647028105865,
                42.361594483468096
              ],
              [
                61.10958765728921,
                41.187325468519475
              ],
              [
                62.01287151494199,
                41.187325468519475
              ],
              [
                62.103199900707274,
                40.37436999663197
              ],
              [
                63.729110844482285,
                39.47108613897919
              ],
              [
                64.63239470213507,
                38.838787438622234
              ],
              [
                66.52929080320592,
                38.1161603525
              ],
              [
                66.70994757473647,
                37.21287649484722
              ],
              [
                67.34224627509343,
                37.21287649484722
              ],
              [
                67.8842165896851,
                36.85156295178611
              ],
              [
                69.82627688363858,
                31.757041994624394
              ],
              [
                68.23649729416968,
                29.37237261042104
              ],
              [
                67.74817373612484,
                28.39449734646444
              ],
              [
                66.30008986900593,
                25.494687639433764
              ],
              [
                65.76880172203327,
                25.309339128691576
              ],
              [
                65.21567061851765,
                25.270059190947435
              ],
              [
                64.85119155357624,
                25.20576437588396
              ],
              [
                64.42497542808796,
                25.173116289336107
              ],
              [
                64.23826125572468,
                25.210826479155443
              ],
              [
                64.12006667564656,
                25.312226854521654
              ],
              [
                64.05922225425984,
                25.401034914214037
              ],
              [
                63.650332483752024,
                25.336646639067553
              ],
              [
                63.40352538536335,
                25.164601885039232
              ],
              [
                63.01806167076374,
                25.15743979092302
              ],
              [
                62.44957259605671,
                25.16259916897478
              ],
              [
                62.13830092857624,
                25.104774080473803
              ],
              [
                61.8132658333614,
                25.053256593901537
              ],
              [
                61.569964441759836,
                25.039571367461107
              ],
              [
                61.34399321983601,
                25.026860796172045
              ],
              [
                60.85827544639851,
                25.095714174467943
              ],
              [
                60.7522306771114,
                25.18442877407732
              ],
              [
                60.479590448839915,
                25.29820593472185
              ],
              [
                60.29817870567585,
                25.323236070830248
              ],
              [
                59.654585871203196,
                25.321876131255053
              ],
              [
                59.30209258507038,
                25.340196214873217
              ],
              [
                59.03145888756062,
                25.307866655547045
              ],
              [
                58.81800750206257,
                25.478932939726732
              ],
              [
                58.74442580650593,
                25.535960756499193
              ],
              [
                58.36867812584187,
                25.54787977810564
              ],
              [
                58.109637293322336,
                25.547322832304857
              ],
              [
                57.900454554064524,
                25.540891252715014
              ],
              [
                57.805090937121165,
                25.64833029385271
              ],
              [
                57.464880976183665,
                25.704793535429857
              ],
              [
                57.32798293541218,
                25.787087999541185
              ],
              [
                57.254771265490305,
                25.793286882597826
              ],
              [
                57.24507049034382,
                26.01846274014177
              ],
              [
                57.112402948839915,
                26.076190553862475
              ],
              [
                57.06634047935749,
                26.307468019682787
              ],
              [
                56.93497756431843,
                26.464543901640795
              ],
              [
                56.929087671740305,
                26.75186689968767
              ],
              [
                56.79043105552937,
                26.97391279812517
              ],
              [
                56.683550867541086,
                26.968356691557787
              ],
              [
                56.66781905601765,
                27.04989584561052
              ],
              [
                56.43094924400593,
                27.106566988188646
              ],
              [
                56.067767176134836,
                27.112168871123217
              ],
              [
                55.89973357628132,
                27.104804598051928
              ],
              [
                55.8053198189571,
                27.005092226225756
              ],
              [
                55.65757277916218,
                26.996945940215014
              ],
              [
                55.42489913414265,
                26.963107668120287
              ],
              [
                55.34008696983601,
                26.79935225125017
              ],
              [
                55.098128351671946,
                26.73744162197771
              ],
              [
                54.92553237388874,
                26.53802641506853
              ],
              [
                54.75987533043171,
                26.41062506313982
              ],
              [
                54.64605620811726,
                26.39131888027849
              ],
              [
                54.064944300158274,
                26.70138319607439
              ],
              [
                53.63393691490437,
                26.74793966885271
              ],
              [
                53.380679163439524,
                26.9095893728322
              ],
              [
                52.89083388756062,
                27.05232390042009
              ],
              [
                52.77987197349812,
                27.18784865017595
              ],
              [
                52.63377669761921,
                27.314601503569506
              ],
              [
                52.41038802574421,
                27.580957018095873
              ],
              [
                51.961550745470774,
                27.776948534209154
              ],
              [
                51.698863062365305,
                27.814521394926928
              ],
              [
                51.611304316027415,
                27.82704123135271
              ],
              [
                51.350134882433665,
                28.03613432522478
              ],
              [
                51.082259211046946,
                28.51201971646013
              ],
              [
                50.796755823595774,
                29.01329382534685
              ],
              [
                50.702456507189524,
                29.133781038481615
              ],
              [
                50.704722437365305,
                29.400607668120287
              ],
              [
                50.359839472277415,
                29.74293478604021
              ],
              [
                50.13237288902546,
                30.06642874355974
              ],
              [
                49.71784881065632,
                30.002053819853685
              ],
              [
                49.51097396324421,
                30.020675264555834
              ],
              [
                49.45236495445515,
                30.07772596951189
              ],
              [
                49.321360620959055,
                30.102862917143725
              ],
              [
                49.235083612902415,
                30.223380647856615
              ],
              [
                49.22222808311726,
                30.47745855923357
              ],
              [
                49.02017119835163,
                30.43257101650896
              ],
              [
                48.945723566515696,
                30.387942873198412
              ],
              [
                48.80132964561726,
                30.08272513027849
              ],
              [
                48.713843378527415,
                29.99996145840349
              ],
              [
                48.55364898155476,
                29.994622789580248
              ],
              [
                48.51058486412312,
                29.993188463408373
              ],
              [
                48.21184829185749,
                29.948093019682787
              ],
              [
                48.028277430041086,
                29.973121248442553
              ],
              [
                47.95715239952351,
                29.947564684111498
              ],
              [
                47.911360773546946,
                29.890292726714037
              ],
              [
                47.935923609240305,
                29.80140646572771
              ],
              [
                47.99603179405476,
                29.490258775908373
              ],
              [
                47.84490874717976,
                29.50315436001482
              ],
              [
                47.61403945396687,
                29.272241197783373
              ],
              [
                47.80355742882038,
                29.184920870024584
              ],
              [
                47.99150756309773,
                29.277490221220873
              ],
              [
                48.1290617317989,
                29.268191896635912
              ],
              [
                48.44353393028523,
                28.4402347433156
              ],
              [
                48.462683710558665,
                28.385850511748217
              ],
              [
                48.58751204918171,
                28.093883119780443
              ],
              [
                48.75173858116413,
                27.871879183012865
              ],
              [
                48.83184340904499,
                27.57345350857439
              ],
              [
                48.85502150963093,
                27.522691332060717
              ],
              [
                49.13191131065632,
                27.53597220059099
              ],
              [
                49.243506464464915,
                27.479030214507006
              ],
              [
                49.151927027209055,
                27.372457109648607
              ],
              [
                49.2391577095821,
                27.28848799343767
              ],
              [
                49.321604761584055,
                27.161550127226732
              ],
              [
                49.427317652209055,
                27.131045900542162
              ],
              [
                49.532542261584055,
                27.009526811797045
              ],
              [
                49.93138411949421,
                26.9341255056447
              ],
              [
                50.12176421592976,
                26.737586580473803
              ],
              [
                50.09017470787312,
                26.61149176235857
              ],
              [
                49.983958277209055,
                26.59574469204607
              ],
              [
                49.93417266319538,
                26.48306807156267
              ],
              [
                50.07624724815632,
                26.311841570097826
              ],
              [
                49.9919767708614,
                26.04484137173357
              ],
              [
                49.93686202476765,
                25.955783449370287
              ],
              [
                50.01140502403523,
                25.835229479033373
              ],
              [
                50.14689162681843,
                25.535644136626146
              ],
              [
                50.21432403038288,
                25.588124834257982
              ],
              [
                50.38191894005085,
                25.461173616606615
              ],
              [
                50.429209742052805,
                25.18402250881853
              ],
              [
                50.61889556358601,
                24.870853029448412
              ],
              [
                50.606543573839915,
                24.68021734829607
              ],
              [
                50.70592025230671,
                24.559718691069506
              ],
              [
                50.77828124473835,
                24.47092970486345
              ],
              [
                50.907393488390696,
                24.433082185942553
              ],
              [
                50.968333277209055,
                24.436244569975756
              ],
              [
                50.96494582603718,
                24.712745271880053
              ],
              [
                50.89617827842976,
                24.909551225859545
              ],
              [
                50.8473234505489,
                25.265224062163256
              ],
              [
                50.93111327598835,
                25.538573824126146
              ],
              [
                51.01538756798054,
                25.588124834257982
              ],
              [
                50.988955530627024,
                25.67209395046892
              ],
              [
                51.06882766197468,
                25.945460878569506
              ],
              [
                51.21702102134968,
                26.066470705229662
              ],
              [
                51.35766509483601,
                26.02896078701677
              ],
              [
                51.388796839220774,
                25.887261949736498
              ],
              [
                51.50592711876179,
                25.845275484282396
              ],
              [
                51.53446486900593,
                25.75584753628435
              ],
              [
                51.586672815783274,
                25.60911902065935
              ],
              [
                51.53905394981648,
                25.420184694487475
              ],
              [
                51.55285552452351,
                25.10153158779802
              ],
              [
                51.606150660021555,
                24.98728712673845
              ],
              [
                51.558917078478586,
                24.815652452666185
              ],
              [
                51.412005457384836,
                24.605685793120287
              ],
              [
                51.287825617296946,
                24.410777651030443
              ],
              [
                51.2914152474239,
                24.28136786099138
              ],
              [
                51.45416930626179,
                24.218226991850756
              ],
              [
                51.52285293052937,
                24.160663210112475
              ],
              [
                51.60644057701374,
                24.202647768217943
              ],
              [
                51.58590224693562,
                24.003221117216967
              ],
              [
                50.85731587293009,
                23.88040675589211
              ],
              [
                48.61717190595118,
                25.686974471197686
              ],
              [
                44.08318025137882,
                30.33699169344677
              ],
              [
                40.0291220249877,
                34.3910499198379
              ],
              [
                38.372162177518426,
                35.14088777601609
              ],
              [
                35.8141377527435,
                36.29849189880415
              ],
              [
                35.81724074791218,
                36.30102881069841
              ],
              [
                36.09526351402546,
                36.48246344204607
              ],
              [
                36.10452178428913,
                36.56117209072771
              ],
              [
                36.0824308724239,
                36.62153204556169
              ],
              [
                35.95679381798054,
                36.74749334927263
              ],
              [
                35.89087584923054,
                36.77111395474138
              ],
              [
                36.78925751864091,
                37.00062660850955
              ],
              [
                36.49442451597273,
                37.36916786184477
              ],
              [
                38.60968854741831,
                38.36804254336075
              ],
              [
                39.14792153998637,
                38.62220812318456
              ],
              [
                41.21175255866366,
                40.243789637859564
              ],
              [
                41.48396209190632,
                41.436542116362475
              ],
              [
                44.454025308090785,
                42.03174258669762
              ],
              [
                45.25983714902755,
                42.43851801493287
              ],
              [
                45.47791961143757,
                42.54860647793474
              ],
              [
                45.648116144640696,
                42.54860647793474
              ],
              [
                45.80767730186726,
                42.53797110195818
              ],
              [
                45.8608618111446,
                42.474147402007006
              ]
            ]
          ]
        ]
      }
    },
    {
      "type": "Feature",
      "id": "yuan_98",
      "properties": {
        "name": "Khanate of the Golden Horde",
        "admin_level": "empire",
        "year": 1279,
        "source": "historical-basemaps"
      },
      "geometry": {
        "type": "MultiPolygon",
        "coordinates": [
          [
            [
              [
                29.629511866076243,
                45.750358186919115
              ],
              [
                29.500430140002024,
                45.523368440825365
              ],
              [
                29.536093744738352,
                45.4521976339406
              ],
              [
                29.615916285021555,
                45.4102054464406
              ],
              [
                29.683211359484446,
                45.37478979702654
              ],
              [
                29.710764917834055,
                45.25833471890154
              ],
              [
                29.06437215319496,
                45.1647497859796
              ],
              [
                28.402156507925586,
                45.35938606658693
              ],
              [
                28.36834704302339,
                45.33088004715959
              ],
              [
                28.01860651185924,
                45.3154810971337
              ],
              [
                27.82357750278407,
                44.838224877976735
              ],
              [
                28.084797429186366,
                44.577004951574445
              ],
              [
                27.954187465985218,
                44.250480043571585
              ],
              [
                26.45217288917204,
                44.250480043571585
              ],
              [
                25.472598165163447,
                43.728040190767
              ],
              [
                24.623633404356,
                43.98926011716929
              ],
              [
                24.231803514752556,
                43.79334517236757
              ],
              [
                23.513448717146257,
                44.054565098769864
              ],
              [
                22.9257038827411,
                43.79334517236757
              ],
              [
                22.9257038827411,
                44.18517506197101
              ],
              [
                22.468569011537088,
                44.38109000677273
              ],
              [
                22.664483956338806,
                44.64230993317502
              ],
              [
                23.056313845942245,
                45.03413982277846
              ],
              [
                26.517477870772616,
                45.81779960198533
              ],
              [
                27.366442631580064,
                46.340239454789916
              ],
              [
                27.627662557982354,
                46.927984289195074
              ],
              [
                27.42832177808028,
                47.38362035754267
              ],
              [
                29.456202042798395,
                48.36469388440768
              ],
              [
                29.84803193240183,
                49.278963626815695
              ],
              [
                34.680600570844234,
                48.56060882920939
              ],
              [
                37.03157990846486,
                49.73609849801971
              ],
              [
                38.1417645956746,
                49.60548853481856
              ],
              [
                38.27237455887575,
                50.91158816683002
              ],
              [
                38.79481441168033,
                51.04219813003117
              ],
              [
                40.688658878096945,
                50.97689314843059
              ],
              [
                43.62738305012273,
                52.21768779884148
              ],
              [
                43.62738305012273,
                53.91561732045638
              ],
              [
                43.10494319731815,
                54.69927709966325
              ],
              [
                43.62738305012273,
                54.96049702606554
              ],
              [
                45.325312571737626,
                54.89519204446497
              ],
              [
                45.71714246134106,
                55.287021934068406
              ],
              [
                45.58653249813992,
                57.31147636368617
              ],
              [
                45.96480886560179,
                57.734515685377644
              ],
              [
                54.92163183184503,
                58.11297299381046
              ],
              [
                55.465224704696695,
                58.13594170674786
              ],
              [
                58.293141299587475,
                58.42450462459385
              ],
              [
                61.881311869416805,
                59.851680200893746
              ],
              [
                70.6872193104639,
                62.538697653787196
              ],
              [
                77.03843393458506,
                61.974145242754204
              ],
              [
                85.08330579180519,
                58.16341646828151
              ],
              [
                93.97500626557478,
                56.89317354345729
              ],
              [
                90,
                50.07330645934762
              ],
              [
                88.38876015840334,
                50.4008208165779
              ],
              [
                85.67890858544497,
                50.310492430812616
              ],
              [
                82.42708669789495,
                49.587865344690385
              ],
              [
                79.17526481034493,
                49.40720857315983
              ],
              [
                70.50373977687818,
                50.129835659282065
              ],
              [
                63.54845407295173,
                45.25210282795702
              ],
              [
                60.025647028105865,
                42.361594483468096
              ],
              [
                56.76865970461873,
                41.37238242621869
              ],
              [
                55.6424460095712,
                40.05030547985856
              ],
              [
                54.07141784141804,
                38.89694555874529
              ],
              [
                54.03310683677937,
                38.992721162993334
              ],
              [
                53.91817382286335,
                39.050189577299975
              ],
              [
                53.77450469444538,
                39.1363902914113
              ],
              [
                53.67872527550007,
                39.251327120024584
              ],
              [
                53.65957168052937,
                39.31837042446794
              ],
              [
                53.58294585655476,
                39.31837042446794
              ],
              [
                53.49674514244343,
                39.33752783413591
              ],
              [
                53.33392241905476,
                39.38541754360857
              ],
              [
                53.24772170494343,
                39.29921682949724
              ],
              [
                53.20941070030476,
                39.40457113857927
              ],
              [
                53.24772170494343,
                39.45246084805193
              ],
              [
                53.31476500938679,
                39.56739767666521
              ],
              [
                53.37223342369343,
                39.51950796719255
              ],
              [
                53.544634851916086,
                39.538661562163256
              ],
              [
                53.73619368980671,
                39.500350557524584
              ],
              [
                53.79366210411335,
                39.4907718526906
              ],
              [
                53.812815699084055,
                39.54824026699724
              ],
              [
                53.669146570666086,
                39.64401968594255
              ],
              [
                53.55421355675007,
                39.65359839077654
              ],
              [
                53.5159025521114,
                39.77811010952654
              ],
              [
                53.59252456138874,
                39.89304693813982
              ],
              [
                53.688303980334055,
                39.979247652251146
              ],
              [
                53.506323847277415,
                39.99840124722185
              ],
              [
                53.362654718859446,
                39.96009024258318
              ],
              [
                53.19025329063679,
                39.96009024258318
              ],
              [
                53.04658416221882,
                39.99840124722185
              ],
              [
                52.98911574791218,
                39.93135794277849
              ],
              [
                52.912493738634836,
                40.046290956694506
              ],
              [
                52.84545043419148,
                40.18038138027849
              ],
              [
                52.84545043419148,
                40.33362921353044
              ],
              [
                52.82629302452351,
                40.46771963711443
              ],
              [
                52.90291503380085,
                40.56349905605974
              ],
              [
                52.95080474327351,
                40.70716436978044
              ],
              [
                52.96996215294148,
                40.822101198393725
              ],
              [
                53.01785186241413,
                40.946612917143725
              ],
              [
                53.056162867052805,
                41.05197104092302
              ],
              [
                53.15194228599812,
                40.89872320767107
              ],
              [
                53.180674585802805,
                40.84125479336443
              ],
              [
                53.257300409777415,
                40.764632784087084
              ],
              [
                53.43927672813679,
                40.802943788725756
              ],
              [
                53.61168197105671,
                40.74547918911638
              ],
              [
                53.65957168052937,
                40.81252249355974
              ],
              [
                53.64999297569538,
                40.879569612700365
              ],
              [
                53.69788268516804,
                40.879569612700365
              ],
              [
                53.7649259896114,
                40.86999090786638
              ],
              [
                53.79366210411335,
                40.72632177944841
              ],
              [
                53.84155181358601,
                40.640121065337084
              ],
              [
                53.97564223716999,
                40.64969977017107
              ],
              [
                54.10973266075398,
                40.678432069975756
              ],
              [
                54.22466567466999,
                40.72632177944841
              ],
              [
                54.33002379844929,
                40.68801077480974
              ],
              [
                54.41622451256062,
                40.65927847500505
              ],
              [
                54.45453551719929,
                40.71674307461443
              ],
              [
                54.387488398058665,
                40.802943788725756
              ],
              [
                54.36833480308796,
                40.89872320767107
              ],
              [
                54.45453551719929,
                40.91788061733904
              ],
              [
                54.502425226671946,
                40.85083349819841
              ],
              [
                54.60778335045124,
                40.81252249355974
              ],
              [
                54.72271636436726,
                40.85083349819841
              ],
              [
                54.81849578331257,
                40.879569612700365
              ],
              [
                54.828074488146555,
                40.984923921782396
              ],
              [
                54.751448664171946,
                41.13817175503435
              ],
              [
                54.59820464561726,
                41.243529878813646
              ],
              [
                54.35875609825398,
                41.38719519253435
              ],
              [
                54.16719726036335,
                41.48297461147966
              ],
              [
                54.138464960558665,
                41.62664373989763
              ],
              [
                54.119307550890696,
                41.779891573149584
              ],
              [
                54.02352813194538,
                41.85651358242693
              ],
              [
                54.02352813194538,
                41.95229300137224
              ],
              [
                54.02352813194538,
                42.04807242031755
              ],
              [
                53.98521712730671,
                42.10553701992693
              ],
              [
                53.73619368980671,
                42.13427313442888
              ],
              [
                53.45843413780476,
                42.09596212979021
              ],
              [
                53.26687529991413,
                42.086383424956225
              ],
              [
                53.06574157188679,
                42.028915010649584
              ],
              [
                52.97954085777546,
                41.904403291899584
              ],
              [
                52.94122985313679,
                41.7703128683156
              ],
              [
                52.998694452746165,
                41.68411215420427
              ],
              [
                52.96996215294148,
                41.55960043545427
              ],
              [
                52.931651148302805,
                41.37762030239763
              ],
              [
                52.96038344810749,
                41.272262178618334
              ],
              [
                52.96996215294148,
                41.13817175503435
              ],
              [
                52.855025324328196,
                41.38719519253435
              ],
              [
                52.692202600939524,
                41.53086432095232
              ],
              [
                52.71136001060749,
                41.60749014492693
              ],
              [
                52.68262389610554,
                41.693690859038256
              ],
              [
                52.55927184532429,
                41.757838808257006
              ],
              [
                52.600745233996165,
                41.93767889614763
              ],
              [
                52.573767694933665,
                42.0186038839406
              ],
              [
                52.51981643150593,
                42.072555147368334
              ],
              [
                52.58275893638874,
                42.18944891567888
              ],
              [
                52.672678980334055,
                42.27936895962419
              ],
              [
                52.73562148521687,
                42.42324026699724
              ],
              [
                52.75360778282429,
                42.55811651821794
              ],
              [
                52.83453277061726,
                42.648036562163256
              ],
              [
                52.76259902427937,
                42.755939089018725
              ],
              [
                52.58275893638874,
                42.827872835356615
              ],
              [
                52.37594893883015,
                42.800895296294115
              ],
              [
                52.295020136339915,
                42.87283285732927
              ],
              [
                52.16014388511921,
                42.84585531826677
              ],
              [
                52.0702238411739,
                42.827872835356615
              ],
              [
                51.980303797228586,
                42.90880163784685
              ],
              [
                51.88139632652546,
                43.05266913052263
              ],
              [
                51.737525019152415,
                43.178554140288256
              ],
              [
                51.58466247032429,
                43.178554140288256
              ],
              [
                51.422808680041086,
                43.16956289883318
              ],
              [
                51.422808680041086,
                43.25948294277849
              ],
              [
                51.458777460558665,
                43.385367952544115
              ],
              [
                51.36885741661335,
                43.556212984282396
              ],
              [
                51.26095488975788,
                43.61016424771013
              ],
              [
                51.17103484581257,
                43.7180667745656
              ],
              [
                50.99119857261921,
                44.077743135649584
              ],
              [
                50.95522979210163,
                44.20362814541521
              ],
              [
                50.70345977257038,
                44.25757940884294
              ],
              [
                50.388743433459055,
                44.29354818936052
              ],
              [
                50.32580092857624,
                44.36548193569841
              ],
              [
                50.33479217003132,
                44.56330450649919
              ],
              [
                50.40672591636921,
                44.61725576992693
              ],
              [
                50.54160598228718,
                44.64423330898943
              ],
              [
                50.72144225548054,
                44.635238252837084
              ],
              [
                50.874304804308665,
                44.626247011382006
              ],
              [
                51.0901098580196,
                44.56330450649919
              ],
              [
                51.332888636095774,
                44.482379518706225
              ],
              [
                51.41381743858601,
                44.51834448452654
              ],
              [
                51.57567122886921,
                44.554313265044115
              ],
              [
                51.4857511849239,
                44.626247011382006
              ],
              [
                51.36885741661335,
                44.68019827480974
              ],
              [
                51.18902114341999,
                44.77011831875505
              ],
              [
                51.09910109947468,
                44.87802084561052
              ],
              [
                51.21599486778523,
                45.039874635893725
              ],
              [
                51.34188369224812,
                45.05785711880388
              ],
              [
                51.37784865806843,
                45.17475088711443
              ],
              [
                51.458777460558665,
                45.309630953032396
              ],
              [
                51.5127287239864,
                45.37257345791521
              ],
              [
                51.629622492296946,
                45.35459097500505
              ],
              [
                51.77349379966999,
                45.390555940825365
              ],
              [
                51.84542754600788,
                45.43551596279802
              ],
              [
                51.99829009483601,
                45.38156469937029
              ],
              [
                52.10619262169148,
                45.38156469937029
              ],
              [
                52.60973647545124,
                45.39955099697771
              ],
              [
                53.059329065783274,
                45.33660467739763
              ],
              [
                53.284129175646555,
                45.32761343594255
              ],
              [
                53.2121916146114,
                45.36358221646013
              ],
              [
                53.059329065783274,
                45.45349844570818
              ],
              [
                52.843524012072336,
                45.50745352383318
              ],
              [
                52.83453277061726,
                45.64232977505388
              ],
              [
                52.92445281456257,
                45.73224981899919
              ],
              [
                53.050337824328196,
                45.831161104399584
              ],
              [
                53.149249109728586,
                45.95704611416521
              ],
              [
                53.20320037315632,
                46.1908336507863
              ],
              [
                53.257151636584055,
                46.31672247524919
              ],
              [
                53.185217890246165,
                46.424621187407396
              ],
              [
                53.12227538536335,
                46.49655874844255
              ],
              [
                53.16723159263874,
                46.5864749776906
              ],
              [
                53.284129175646555,
                46.67639502163591
              ],
              [
                53.23017791221882,
                46.730346285063646
              ],
              [
                53.185217890246165,
                46.865226350981615
              ],
              [
                53.02336409996296,
                46.91917761440935
              ],
              [
                52.86151030967976,
                46.937160097319506
              ],
              [
                52.55578521202351,
                46.98212011929216
              ],
              [
                52.465865168078196,
                46.910182558257006
              ],
              [
                52.37594893883015,
                46.87421759243669
              ],
              [
                52.14215758751179,
                46.838248811919115
              ],
              [
                51.935347589953196,
                46.89220007534685
              ],
              [
                51.79147628258015,
                47.009093843657396
              ],
              [
                51.6745825142696,
                47.036071382719896
              ],
              [
                51.36885741661335,
                47.09002264614763
              ],
              [
                51.117083582384836,
                47.06304510708513
              ],
              [
                50.82035354088093,
                46.91917761440935
              ],
              [
                50.63152221153523,
                46.910182558257006
              ],
              [
                50.27184966514851,
                46.68538626309099
              ],
              [
                49.9481420845821,
                46.559501253325365
              ],
              [
                49.723345789416086,
                46.532523714262865
              ],
              [
                49.53451446007038,
                46.54151877041521
              ],
              [
                49.40862945030476,
                46.43361624355974
              ],
              [
                49.31320479820515,
                46.352687441069506
              ],
              [
                49.23778441856648,
                46.26276739712419
              ],
              [
                49.05794433067585,
                46.13688238735857
              ],
              [
                48.88709929893757,
                46.082931123930834
              ],
              [
                48.833148035509836,
                46.082931123930834
              ],
              [
                48.833148035509836,
                46.01998861904802
              ],
              [
                48.833148035509836,
                45.92107733364763
              ],
              [
                48.770205530627024,
                45.88510855313005
              ],
              [
                48.63532927940632,
                45.975028597075365
              ],
              [
                48.482466730578196,
                45.88510855313005
              ],
              [
                48.30262664268757,
                45.768214784819506
              ],
              [
                48.01488784263874,
                45.71426352139177
              ],
              [
                47.871016535265696,
                45.67829855557146
              ],
              [
                47.75412276695515,
                45.71426352139177
              ],
              [
                47.67319777916218,
                45.75023230190935
              ],
              [
                47.628237757189524,
                45.73224981899919
              ],
              [
                47.60126403282429,
                45.66031225796404
              ],
              [
                47.65521148155476,
                45.54341848965349
              ],
              [
                47.55630401085163,
                45.45349844570818
              ],
              [
                47.4753752083614,
                45.318622194487475
              ],
              [
                47.39445022056843,
                45.17475088711443
              ],
              [
                47.25057891319538,
                44.98592337246599
              ],
              [
                47.169653925402415,
                44.860038362700365
              ],
              [
                47.02578261802937,
                44.78810080166521
              ],
              [
                46.87292006920124,
                44.68019827480974
              ],
              [
                46.80997756431843,
                44.53633078213396
              ],
              [
                46.84594634483601,
                44.446410738188646
              ],
              [
                46.99880507896687,
                44.356490694243334
              ],
              [
                47.142676386339915,
                44.33850821133318
              ],
              [
                47.22360137413288,
                44.20362814541521
              ],
              [
                47.33150771568562,
                44.18564566250505
              ],
              [
                47.43940642784382,
                44.03278311367693
              ],
              [
                47.56529525230671,
                43.84395559902849
              ],
              [
                47.53831771324421,
                43.67311056729021
              ],
              [
                47.49336150596882,
                43.583190523344896
              ],
              [
                47.520335230334055,
                43.511256777007006
              ],
              [
                47.56529525230671,
                43.60117300625505
              ],
              [
                47.61025527427937,
                43.75403555508318
              ],
              [
                47.6642065377071,
                43.85294684048357
              ],
              [
                47.73614028404499,
                43.861938081938646
              ],
              [
                47.67319777916218,
                43.664115511137865
              ],
              [
                47.57428649376179,
                43.50226172085466
              ],
              [
                47.60126403282429,
                43.3224254476613
              ],
              [
                47.65521148155476,
                43.277465425688646
              ],
              [
                47.58327773521687,
                43.1875491964406
              ],
              [
                47.56529525230671,
                43.007709108549975
              ],
              [
                47.73614028404499,
                42.899806581694506
              ],
              [
                47.79009154747273,
                42.85484655972185
              ],
              [
                47.84404281090046,
                42.621059023100756
              ],
              [
                47.39487912288488,
                42.58778552685864
              ],
              [
                45.8608618111446,
                42.474147402007006
              ],
              [
                45.80767730186726,
                42.53797110195818
              ],
              [
                45.648116144640696,
                42.54860647793474
              ],
              [
                45.47791961143757,
                42.54860647793474
              ],
              [
                45.25983714902755,
                42.43851801493287
              ],
              [
                43.54586158676001,
                42.83470520250434
              ],
              [
                41.12255385826374,
                43.019088350493334
              ],
              [
                40.969336542589915,
                43.076659761626146
              ],
              [
                40.55709365318562,
                43.14658697720232
              ],
              [
                40.25161651085163,
                43.26818426724138
              ],
              [
                40.09806350181843,
                43.37755163784685
              ],
              [
                39.458689722521555,
                43.832931123930834
              ],
              [
                38.92371276329304,
                44.21186026211443
              ],
              [
                38.55609038780476,
                44.385097109038256
              ],
              [
                38.27700332115437,
                44.42320593472185
              ],
              [
                38.10918334434773,
                44.493774019438646
              ],
              [
                37.880373987658274,
                44.71894796963396
              ],
              [
                37.774050745470774,
                44.74454077358904
              ],
              [
                37.62174514244343,
                44.67330893154802
              ],
              [
                37.47389129112507,
                44.69235952969255
              ],
              [
                37.31793883751179,
                44.92420920010271
              ],
              [
                36.95986846397663,
                45.227355562407396
              ],
              [
                37.22774795006062,
                45.31201895352068
              ],
              [
                37.4609709114864,
                45.31247671719255
              ],
              [
                37.661265406115305,
                45.345233522612475
              ],
              [
                37.70609572838093,
                45.57840307827654
              ],
              [
                37.867877039416086,
                45.79251440640154
              ],
              [
                37.98994353721882,
                46.00666006680193
              ],
              [
                38.22715285728718,
                46.02009161587419
              ],
              [
                38.45897963951374,
                46.07891424771013
              ],
              [
                38.2649145455196,
                46.31855734463396
              ],
              [
                37.970171961291086,
                46.441283785063646
              ],
              [
                37.757098230822336,
                46.60319098110857
              ],
              [
                37.8665991158321,
                46.65535696621599
              ],
              [
                38.031863245470774,
                46.66868170376482
              ],
              [
                38.40109160850788,
                46.7213512289113
              ],
              [
                38.72273925255085,
                46.877921663481615
              ],
              [
                39.282359156115305,
                47.07403143521013
              ],
              [
                39.194094690783274,
                47.24295004482927
              ],
              [
                39.159853968127024,
                47.26889380093279
              ],
              [
                38.80024627159382,
                47.22916754360857
              ],
              [
                38.209727320177805,
                47.15045889492693
              ],
              [
                37.85925200889851,
                47.103744112212084
              ],
              [
                37.42214492271687,
                47.07688101406755
              ],
              [
                37.19263366173054,
                46.89442022915544
              ],
              [
                36.86455825279499,
                46.809291444975756
              ],
              [
                36.35396865318562,
                46.77579840298357
              ],
              [
                35.85055831383015,
                46.66439016934099
              ],
              [
                35.624331507189524,
                46.52106054897966
              ],
              [
                35.41610244224812,
                46.494689546782396
              ],
              [
                35.21237472008015,
                46.63714178677263
              ],
              [
                35.04636672447468,
                46.357650362212084
              ],
              [
                34.906809839709055,
                46.27302130337419
              ],
              [
                34.69234755943562,
                46.25312765713396
              ],
              [
                34.49565413902546,
                46.27870138760271
              ],
              [
                34.06421569298054,
                46.26487311001482
              ],
              [
                33.83908370445515,
                46.193053804594896
              ],
              [
                34.12725737999226,
                46.06389959927263
              ],
              [
                35.00805190513874,
                45.61194571133318
              ],
              [
                35.031897577746165,
                45.53427466030779
              ],
              [
                34.9900122017696,
                45.45001562710466
              ],
              [
                35.063418421252024,
                45.34009894009294
              ],
              [
                35.31667617271687,
                45.32118185635271
              ],
              [
                35.54621795128132,
                45.37989386196794
              ],
              [
                35.8497648567989,
                45.4452281820363
              ],
              [
                36.323164972765696,
                45.439696871001146
              ],
              [
                36.52104857872273,
                45.38828619595232
              ],
              [
                36.41513350914265,
                45.271571718413256
              ],
              [
                36.36711409996296,
                45.161483370024584
              ],
              [
                36.264754328234446,
                45.09658774014177
              ],
              [
                36.00469878624226,
                45.04433401699724
              ],
              [
                35.865454706652415,
                45.031119905669115
              ],
              [
                35.59955504844929,
                45.10174139614763
              ],
              [
                35.386660608752024,
                45.08192404385271
              ],
              [
                35.06732085655476,
                44.86172445889177
              ],
              [
                34.61416152427937,
                44.8414684164113
              ],
              [
                34.37224105308796,
                44.75717505093279
              ],
              [
                34.13495543907429,
                44.53749807949724
              ],
              [
                34.01372435997273,
                44.49212225552263
              ],
              [
                33.66015532921101,
                44.52365835781755
              ],
              [
                33.39549544761921,
                44.600490175444506
              ],
              [
                33.55937865684773,
                44.93613775845232
              ],
              [
                33.516673120959055,
                45.12350805874529
              ],
              [
                33.397872004015696,
                45.25268133755388
              ],
              [
                33.013491663439524,
                45.38137014980974
              ],
              [
                32.926287683947336,
                45.38767202969255
              ],
              [
                32.64344695518757,
                45.380633913237475
              ],
              [
                32.575301203234446,
                45.361083589751146
              ],
              [
                32.50324157188679,
                45.44510229702654
              ],
              [
                32.902258905871165,
                45.67258032437029
              ],
              [
                33.19164946983601,
                45.78977545376482
              ],
              [
                33.53945830772663,
                45.874713503081225
              ],
              [
                33.638838800890696,
                45.92677267666521
              ],
              [
                33.52794555137898,
                46.13406332607927
              ],
              [
                33.33253386925007,
                46.16611059780779
              ],
              [
                32.9729338021114,
                46.14594992275896
              ],
              [
                32.51644423912312,
                46.12558325405779
              ],
              [
                32.202166590197336,
                46.17036017056169
              ],
              [
                32.11410430382038,
                46.215621553618334
              ],
              [
                31.925940546496165,
                46.409930788237475
              ],
              [
                32.188792261584055,
                46.59223898525896
              ],
              [
                31.951270136339915,
                46.86462744351091
              ],
              [
                31.78104690025593,
                46.701861940581225
              ],
              [
                31.53773406456257,
                46.701381288725756
              ],
              [
                31.087231668932688,
                46.6355357992238
              ],
              [
                30.832856211169016,
                46.576591097075365
              ],
              [
                30.52046111534382,
                46.25140722866716
              ],
              [
                30.432847403352774,
                46.175749569852435
              ],
              [
                30.06882193992878,
                45.86140020962419
              ],
              [
                29.729748758776438,
                45.76999243374529
              ],
              [
                29.629511866076243,
                45.750358186919115
              ]
            ]
          ]
        ]
      }
    },
    {
      "type": "Feature",
      "id": "yuan_240",
      "properties": {
        "name": "Seljuk Caliphate",
        "admin_level": "province",
        "year": 1279,
        "source": "historical-basemaps"
      },
      "geometry": {
        "type": "MultiPolygon",
        "coordinates": [
          [
            [
              [
                34.66194517870546,
                41.870179278246766
              ],
              [
                35.40394536476112,
                41.40063954764726
              ],
              [
                36.158271407165365,
                41.35756866982077
              ],
              [
                36.16136840294148,
                41.35250052090349
              ],
              [
                36.38289550255085,
                41.23751791592302
              ],
              [
                36.641245874865305,
                41.31498297329607
              ],
              [
                36.81701186607624,
                41.28968390103044
              ],
              [
                37.252825769884836,
                41.02772101040544
              ],
              [
                37.766140355230945,
                40.2901058802237
              ],
              [
                38.81112237911529,
                40.150774943705784
              ],
              [
                40.204431744294425,
                40.35977134848265
              ],
              [
                40.761755490366085,
                40.56876775325952
              ],
              [
                41.48396209190632,
                41.436542116362475
              ],
              [
                41.21175255866366,
                40.243789637859564
              ],
              [
                39.14792153998637,
                38.62220812318456
              ],
              [
                38.60968854741831,
                38.36804254336075
              ],
              [
                36.49442451597273,
                37.36916786184477
              ],
              [
                36.78925751864091,
                37.00062660850955
              ],
              [
                35.89087584923054,
                36.77111395474138
              ],
              [
                35.67174056480671,
                36.60578497524919
              ],
              [
                35.56761458824421,
                36.58741720791521
              ],
              [
                35.50617125938679,
                36.55855520840349
              ],
              [
                35.54760268638874,
                36.54018362637224
              ],
              [
                35.49458983848835,
                36.443099580962084
              ],
              [
                35.41708281944538,
                36.43260534878435
              ],
              [
                35.38869765709187,
                36.45359381313982
              ],
              [
                35.35417846153523,
                36.414237581450365
              ],
              [
                35.22052672813679,
                36.38800390835466
              ],
              [
                35.07137206505085,
                36.4877086507863
              ],
              [
                34.869910273058665,
                36.576922975737475
              ],
              [
                34.66238311241413,
                36.64777334805193
              ],
              [
                34.4851293892696,
                36.62678106899919
              ],
              [
                34.103220972521555,
                36.38032492275896
              ],
              [
                33.95171264122273,
                36.251578890044115
              ],
              [
                33.95405486534382,
                36.15975912686052
              ],
              [
                33.89098266075398,
                36.13877447720232
              ],
              [
                33.83587554405476,
                36.10729559536638
              ],
              [
                33.833697351916086,
                36.07057150479021
              ],
              [
                33.753176722033274,
                36.14664038296404
              ],
              [
                33.481699976427805,
                36.05428274746599
              ],
              [
                33.171336206896555,
                35.97088202114763
              ],
              [
                32.904116663439524,
                35.97669561978044
              ],
              [
                32.64034179161335,
                36.00799902554216
              ],
              [
                32.334979090197336,
                36.12836798306169
              ],
              [
                31.902007135851633,
                36.4968639242238
              ],
              [
                31.370690378649485,
                36.71234472866716
              ],
              [
                30.905310663683665,
                36.794215761382006
              ],
              [
                30.593590769274485,
                36.76173361416521
              ],
              [
                30.5400667519405,
                36.64696081753435
              ],
              [
                30.496651682360422,
                36.37298163052263
              ],
              [
                30.47283271263386,
                36.18825491543474
              ],
              [
                30.394862207873118,
                36.11804541226091
              ],
              [
                30.27989295433308,
                36.11780508633318
              ],
              [
                30.16613105247761,
                36.18761786099138
              ],
              [
                29.661955866320383,
                36.07834585781755
              ],
              [
                29.471932444079172,
                36.09069403286638
              ],
              [
                29.298188242419016,
                36.17311819668474
              ],
              [
                29.00225165794636,
                36.69479712124529
              ],
              [
                30.59059712455841,
                37.78214902290126
              ],
              [
                30.729928061076322,
                39.663116665893085
              ],
              [
                31.983906489737542,
                39.663116665893085
              ],
              [
                34.491863347059976,
                40.91709509455431
              ],
              [
                34.66194517870546,
                41.870179278246766
              ]
            ]
          ]
        ]
      }
    },
    {
      "type": "Feature",
      "id": "yuan_246",
      "properties": {
        "name": "Great Khanate",
        "admin_level": "empire",
        "year": 1279,
        "source": "historical-basemaps"
      },
      "geometry": {
        "type": "MultiPolygon",
        "coordinates": [
          [
            [
              [
                114.03066888501186,
                22.310145709772186
              ],
              [
                114.0220597381288,
                22.22848381751031
              ],
              [
                113.98905800841044,
                22.214536782914898
              ],
              [
                113.95462142087821,
                22.233796608668168
              ],
              [
                113.9316636958567,
                22.205902209429425
              ],
              [
                113.90368396848679,
                22.2185217914642
              ],
              [
                113.86709509423379,
                22.197267104726578
              ],
              [
                113.83624565123614,
                22.21387260381799
              ],
              [
                113.85848594735072,
                22.257701676364103
              ],
              [
                113.901531681766,
                22.290896387977877
              ],
              [
                113.94959941852974,
                22.30284455512718
              ],
              [
                114.04645232096415,
                22.340010093386088
              ],
              [
                114.03066888501186,
                22.310145709772186
              ]
            ]
          ],
          [
            [
              [
                114.16626294842006,
                22.560807313317255
              ],
              [
                114.21863525862533,
                22.550869063263487
              ],
              [
                114.30903130089744,
                22.553519333285553
              ],
              [
                114.3578164665681,
                22.505143896261984
              ],
              [
                114.41305849240106,
                22.436859356255123
              ],
              [
                114.39799248535569,
                22.396403140806775
              ],
              [
                114.32911931029123,
                22.272308319943782
              ],
              [
                114.25881127741292,
                22.221842545443078
              ],
              [
                114.26311585085445,
                22.204407710086702
              ],
              [
                114.23119026449645,
                22.22234065175855
              ],
              [
                114.21630361467781,
                22.192285071974666
              ],
              [
                114.20715639611458,
                22.221842545443078
              ],
              [
                114.13397864760857,
                22.171690795428585
              ],
              [
                114.09882463116942,
                22.21652930133975
              ],
              [
                114.1275217874463,
                22.254381772049186
              ],
              [
                114.1158635677088,
                22.27844929429774
              ],
              [
                114.15334922809546,
                22.298696001772115
              ],
              [
                114.16070287439139,
                22.31379614394487
              ],
              [
                114.14402265230547,
                22.331383261411904
              ],
              [
                114.10241177570404,
                22.32872874421721
              ],
              [
                114.08662833975177,
                22.36057961538022
              ],
              [
                114.0077111599904,
                22.371858386454452
              ],
              [
                113.94672970290206,
                22.36588738615924
              ],
              [
                113.92538619292115,
                22.36721429724379
              ],
              [
                113.90135232453927,
                22.406518299261425
              ],
              [
                113.98116629043429,
                22.468685465865477
              ],
              [
                114.0421477475226,
                22.498515805121187
              ],
              [
                114.02923402719802,
                22.508457822712955
              ],
              [
                114.08447605303098,
                22.52833971316831
              ],
              [
                114.16626294842006,
                22.560807313317255
              ]
            ]
          ],
          [
            [
              [
                126.07485170368547,
                37.74737094687976
              ],
              [
                125.76779213152307,
                37.98298444094018
              ],
              [
                125.48656000000983,
                37.73148529848126
              ],
              [
                125.07696059664843,
                37.77087362857227
              ],
              [
                124.69365981539843,
                38.13954123111133
              ],
              [
                124.92935470065234,
                38.46493872256641
              ],
              [
                125.29374221285937,
                38.68870123477344
              ],
              [
                125.29428905295487,
                39.145259780334655
              ],
              [
                125.33209665302905,
                39.5112253156193
              ],
              [
                125.20653823326374,
                39.485282503325365
              ],
              [
                125.32872564048708,
                39.51816698875884
              ],
              [
                124.85995772799609,
                39.618480287507815
              ],
              [
                124.54809096774218,
                39.541339479402346
              ],
              [
                124.20898726901171,
                39.738326631501955
              ],
              [
                124.13388350928088,
                39.843143068318014
              ],
              [
                124.10407546470906,
                39.884784303862475
              ],
              [
                123.36642745445515,
                39.749389253813646
              ],
              [
                122.02749160240437,
                39.25575979824724
              ],
              [
                121.48840621422077,
                38.87860449429216
              ],
              [
                121.06533339927937,
                38.7502818929738
              ],
              [
                121.51177504966999,
                39.171859346587084
              ],
              [
                121.44896224449421,
                39.38210257168474
              ],
              [
                121.21334365318562,
                39.48363836880388
              ],
              [
                121.66813186119343,
                39.90540655728044
              ],
              [
                122.03651717613484,
                40.264037691313646
              ],
              [
                122.08235457847859,
                40.48801382656755
              ],
              [
                121.42673018883015,
                40.86432608242693
              ],
              [
                121.08527663658406,
                40.85723456021013
              ],
              [
                120.78842452476765,
                40.68381460781755
              ],
              [
                120.11272719810749,
                40.0811038839406
              ],
              [
                119.54778579185749,
                39.933044038969896
              ],
              [
                119.21067336509968,
                39.63902624722185
              ],
              [
                119.09059432457234,
                39.339103304106615
              ],
              [
                118.78126815269734,
                39.16635855313005
              ],
              [
                118.41243270347859,
                39.05088003750505
              ],
              [
                118.06992629478718,
                39.2541881429738
              ],
              [
                117.75288680504109,
                39.20253714199724
              ],
              [
                117.43950179527546,
                38.60277136440935
              ],
              [
                117.58946517418171,
                38.28448065396013
              ],
              [
                118.20027450035359,
                38.04361303921404
              ],
              [
                118.87524703453327,
                37.949428163725756
              ],
              [
                118.81164840172077,
                37.446132265288256
              ],
              [
                118.9546003670528,
                37.07711752529802
              ],
              [
                119.59885695884968,
                37.11661871548357
              ],
              [
                120.16939071129109,
                37.57625540371599
              ],
              [
                120.6581144661739,
                37.73646505947771
              ],
              [
                121.18977645347859,
                37.42548330898943
              ],
              [
                121.89484694908406,
                37.37596472378435
              ],
              [
                122.26948836754109,
                37.30032309170427
              ],
              [
                122.28126815269734,
                36.98200567837419
              ],
              [
                121.98012832115437,
                36.822249971587084
              ],
              [
                121.60988143394734,
                36.834228121001146
              ],
              [
                120.53731063316609,
                36.386519991118334
              ],
              [
                120.26971724937702,
                35.98509558315935
              ],
              [
                120.19649032066609,
                36.156737886626146
              ],
              [
                119.91377547691609,
                36.14344366665544
              ],
              [
                119.90734389732624,
                35.768058382231615
              ],
              [
                119.06016066978718,
                35.04126700039568
              ],
              [
                119.02086165855671,
                34.6919322835988
              ],
              [
                119.62047866295124,
                34.369384371001146
              ],
              [
                120.14943221519734,
                33.894332491118334
              ],
              [
                120.64058974693562,
                33.04462393398943
              ],
              [
                120.66086104820515,
                32.543117128569506
              ],
              [
                121.05076125572468,
                32.328048311430834
              ],
              [
                121.48366836021687,
                31.948009096342943
              ],
              [
                121.64503768394734,
                31.688027940947435
              ],
              [
                121.26826766441609,
                31.452338777739428
              ],
              [
                121.49887374351765,
                31.28138693447771
              ],
              [
                121.6318693489864,
                30.7927680837697
              ],
              [
                121.32843306968952,
                30.69054754849138
              ],
              [
                120.60866836021687,
                30.346181474882982
              ],
              [
                119.94366744468952,
                30.116218172270678
              ],
              [
                120.43786147545124,
                29.99661024685564
              ],
              [
                121.08252242515827,
                30.213830553252123
              ],
              [
                121.3912687630489,
                29.922397218901537
              ],
              [
                121.77031997154499,
                29.834281526762865
              ],
              [
                121.67039016197468,
                29.624536119658373
              ],
              [
                121.36191085289265,
                29.4143501150197
              ],
              [
                121.55819991539265,
                29.357616029936693
              ],
              [
                121.56675246666218,
                29.173480592924975
              ],
              [
                121.3458357186153,
                28.544379793364428
              ],
              [
                121.25970748375202,
                28.182250581938646
              ],
              [
                121.00856307457234,
                28.276980959135912
              ],
              [
                120.68650344322468,
                27.86989554043474
              ],
              [
                120.40887740562702,
                27.310491167265795
              ],
              [
                120.08409408043171,
                26.985940538603685
              ],
              [
                119.85703566978718,
                26.706031404692553
              ],
              [
                119.42890456627156,
                26.590831361967943
              ],
              [
                119.43603042076374,
                26.03833922024431
              ],
              [
                119.42860701988484,
                25.650926195341967
              ],
              [
                119.0958586067989,
                25.440650545317553
              ],
              [
                118.94535354088093,
                25.135495744902514
              ],
              [
                118.53120711754109,
                24.690036379057787
              ],
              [
                118.12423995445515,
                24.53039129849138
              ],
              [
                117.86126235435749,
                24.510774217802904
              ],
              [
                117.84909347008015,
                24.047095857817553
              ],
              [
                117.4058943123653,
                23.6904731618947
              ],
              [
                116.96271041343952,
                23.556155763823412
              ],
              [
                116.4520597786739,
                23.250201784331225
              ],
              [
                116.40021804283406,
                22.983321748930834
              ],
              [
                116.08469680259968,
                22.8873782980031
              ],
              [
                115.70670607994343,
                22.638873659331225
              ],
              [
                115.30879500816609,
                22.771407686430834
              ],
              [
                115.04353621910359,
                22.599364839751146
              ],
              [
                114.5587492317989,
                22.46494825955095
              ],
              [
                114.30387404869343,
                22.64860113735857
              ],
              [
                113.84516433189656,
                22.463439546782396
              ],
              [
                113.53598311851765,
                22.704146944243334
              ],
              [
                113.3766203255489,
                22.646646105009935
              ],
              [
                113.39908889244343,
                22.475192629057787
              ],
              [
                113.28367904136921,
                22.03033026333513
              ],
              [
                112.87131026695515,
                22.061215959746264
              ],
              [
                112.81533339927937,
                21.826074205595873
              ],
              [
                112.47251418541218,
                21.73007734890642
              ],
              [
                112.03952315758015,
                21.65928991909685
              ],
              [
                111.73399642418171,
                21.70945509548845
              ],
              [
                111.43422225425984,
                21.461099230009935
              ],
              [
                110.74959853599812,
                21.37706335659685
              ],
              [
                110.36344436119343,
                21.242852770048998
              ],
              [
                110.23382094810749,
                21.25528486843767
              ],
              [
                110.07242873619343,
                20.91828878994646
              ],
              [
                110.29317000816609,
                20.582110964018725
              ],
              [
                110.43365767906452,
                20.436297975737475
              ],
              [
                109.9282560677364,
                20.2446723806447
              ],
              [
                109.60293105552937,
                20.87918051357927
              ],
              [
                109.78676131675984,
                21.406783662993334
              ],
              [
                109.51607802818562,
                21.596772752959154
              ],
              [
                109.32187941978718,
                21.4312015401906
              ],
              [
                108.81303695152546,
                21.493642412382982
              ],
              [
                108.46664718101765,
                21.78510435696306
              ],
              [
                108.38727096031452,
                21.53085287686052
              ],
              [
                108.11670211265827,
                21.498511873442553
              ],
              [
                107.87561324547077,
                21.462068163115404
              ],
              [
                107.41781142662312,
                21.18578680630388
              ],
              [
                106.23413332193499,
                21.69657754222363
              ],
              [
                102.97995917115581,
                20.966465635065923
              ],
              [
                101.657367324407,
                19.661170456991734
              ],
              [
                100.43059829185749,
                20.226214967924975
              ],
              [
                100.24482253502156,
                20.383876405913256
              ],
              [
                101.00763564981274,
                21.423474663076533
              ],
              [
                100.50179668952718,
                24.313983007565444
              ],
              [
                98.59203139454138,
                25.75815164462812
              ],
              [
                100.68162876825185,
                28.690961624015074
              ],
              [
                101.68757091375052,
                36.3073807256478
              ],
              [
                91.68578058575658,
                36.36489294650627
              ],
              [
                89.91678256974747,
                35.99635169317104
              ],
              [
                89.91678256974747,
                35.185560935833536
              ],
              [
                82.69337400437699,
                34.743311431831266
              ],
              [
                81.25281768294633,
                35.31598039377637
              ],
              [
                90,
                43.89717704147783
              ],
              [
                93.80846330432006,
                48.05228278668065
              ],
              [
                93.26649298972838,
                49.136223415863995
              ],
              [
                90,
                50.07330645934762
              ],
              [
                109.07678326070727,
                57.59886405724852
              ],
              [
                126.43676989997174,
                54.917240104841824
              ],
              [
                136.77021316002157,
                53.695357881743334
              ],
              [
                137.38286879967,
                53.809806429106615
              ],
              [
                137.12172988365438,
                53.58943899746599
              ],
              [
                137.2392378182247,
                53.45651587124529
              ],
              [
                138.23403457115438,
                53.571586214262865
              ],
              [
                138.416804346545,
                54.091910921294115
              ],
              [
                139.05166152427938,
                54.08645971890154
              ],
              [
                139.80591872642782,
                53.961146913725756
              ],
              [
                140.32129958580282,
                53.53564795132341
              ],
              [
                140.8936567635372,
                53.197433077055834
              ],
              [
                141.08967116783407,
                52.98512228604021
              ],
              [
                141.03197768638876,
                52.726073824126146
              ],
              [
                140.93949416588094,
                52.261771761137865
              ],
              [
                141.2570600838497,
                52.10346182461443
              ],
              [
                140.96988967369344,
                51.6927982198781
              ],
              [
                140.40453628013876,
                50.827384554106615
              ],
              [
                140.34884170006063,
                50.41921957607927
              ],
              [
                140.37220290611532,
                49.69127997036638
              ],
              [
                140.1465864510372,
                48.72439535732927
              ],
              [
                139.21370986412313,
                47.81061514492693
              ],
              [
                138.94929030845907,
                47.3224254476613
              ],
              [
                138.35157302330282,
                46.873160921294115
              ],
              [
                137.98462966392782,
                46.26929052944841
              ],
              [
                137.29691604088094,
                45.64631613369646
              ],
              [
                136.28505996177938,
                44.753043733794115
              ],
              [
                136.03397658775594,
                44.39840658779802
              ],
              [
                135.41475966881063,
                44.036830507475756
              ],
              [
                134.96242812584188,
                43.51504477139177
              ],
              [
                134.13894179771688,
                42.99295385952654
              ],
              [
                132.95279982994344,
                42.669540010649584
              ],
              [
                132.59443191002157,
                42.89997442837419
              ],
              [
                132.33309462974813,
                42.963683687407396
              ],
              [
                131.88309768150594,
                43.071979128081225
              ],
              [
                131.86515334556844,
                43.29038199063005
              ],
              [
                131.3567915291622,
                42.99385031338396
              ],
              [
                130.46761611412313,
                42.298785768706225
              ],
              [
                130.35991958102343,
                42.45350607486133
              ],
              [
                129.82471755465625,
                41.861365877107424
              ],
              [
                129.59070876559375,
                41.46990545840625
              ],
              [
                129.7595665696344,
                40.885779823913026
              ],
              [
                129.17704299410937,
                40.63022192569141
              ],
              [
                128.79102614840625,
                40.35433920474414
              ],
              [
                128.2362318368828,
                39.96959265323047
              ],
              [
                127.67152694186328,
                39.86643560977344
              ],
              [
                127.44079879244921,
                39.62365683169727
              ],
              [
                127.27688888033984,
                39.2216869220293
              ],
              [
                127.74502619899877,
                39.118547488284776
              ],
              [
                128.3573517710563,
                38.68389424006355
              ],
              [
                128.38916000000017,
                38.579437
              ],
              [
                128.625793,
                38.14444
              ],
              [
                128.637756,
                38.121376
              ],
              [
                128.858002,
                37.859436
              ],
              [
                128.878296,
                37.85193600000014
              ],
              [
                128.998566,
                37.736107
              ],
              [
                129.049988,
                37.685822
              ],
              [
                129.063019,
                37.657494
              ],
              [
                129.066376,
                37.62443500000012
              ],
              [
                129.18969700000014,
                37.46471400000013
              ],
              [
                129.342468,
                37.257217
              ],
              [
                129.354126,
                37.228325
              ],
              [
                129.365784,
                37.14694200000014
              ],
              [
                129.429413,
                37.068329
              ],
              [
                129.43191500000012,
                37.053322
              ],
              [
                129.423859,
                37.044998000000135
              ],
              [
                129.414978,
                37.02804600000013
              ],
              [
                129.413879,
                37.016106
              ],
              [
                129.423584,
                36.899994000000106
              ],
              [
                129.43081700000016,
                36.8688810000001
              ],
              [
                129.459137,
                36.807213000000104
              ],
              [
                129.474976,
                36.774437
              ],
              [
                129.47302200000013,
                36.710274
              ],
              [
                129.4696960000001,
                36.685822
              ],
              [
                129.462189,
                36.676384
              ],
              [
                129.44247400000017,
                36.664711
              ],
              [
                129.422211,
                36.634163
              ],
              [
                129.416931,
                36.616661000000136
              ],
              [
                129.41998300000012,
                36.577774
              ],
              [
                129.427185,
                36.55832700000013
              ],
              [
                129.441071,
                36.53611
              ],
              [
                129.450531,
                36.500549
              ],
              [
                129.438019,
                36.400269
              ],
              [
                129.41803,
                36.369713
              ],
              [
                129.390533,
                36.33940100000012
              ],
              [
                129.38192700000013,
                36.3144
              ],
              [
                129.386902,
                36.036018
              ],
              [
                129.394104,
                36.016579
              ],
              [
                129.419037,
                36.000481
              ],
              [
                129.449982,
                35.99305
              ],
              [
                129.463013,
                35.994713000000104
              ],
              [
                129.481628,
                36.008003
              ],
              [
                129.528137,
                36.05104100000011
              ],
              [
                129.557251,
                36.078773000000126
              ],
              [
                129.573914,
                36.064041
              ],
              [
                129.588348,
                36.01931000000013
              ],
              [
                129.586914,
                35.999596
              ],
              [
                129.486633,
                35.683327
              ],
              [
                129.47329700000012,
                35.60277600000012
              ],
              [
                129.474396,
                35.580276
              ],
              [
                129.46637,
                35.537216000000114
              ],
              [
                129.347473,
                35.344994
              ],
              [
                129.281097,
                35.30082700000014
              ],
              [
                129.241638,
                35.208885
              ],
              [
                129.174683,
                35.146942
              ],
              [
                128.978577,
                35.084991
              ],
              [
                128.929413,
                35.094154
              ],
              [
                128.919128,
                35.089157000000114
              ],
              [
                128.73495500000013,
                35.092766
              ],
              [
                128.619965,
                35.148605
              ],
              [
                128.57275400000015,
                35.169991
              ],
              [
                128.3780210000001,
                35.03611
              ],
              [
                128.372467,
                35.004715
              ],
              [
                128.391083,
                35.008331
              ],
              [
                128.405243,
                35.017769
              ],
              [
                128.410522,
                35.02971600000012
              ],
              [
                128.465515,
                35.05027
              ],
              [
                128.483307,
                35.051102
              ],
              [
                128.501373,
                35.008331
              ],
              [
                128.463013,
                34.868599
              ],
              [
                128.445801,
                34.838882000000126
              ],
              [
                128.408875,
                34.83194
              ],
              [
                128.3355100000001,
                34.871376
              ],
              [
                128.356628,
                34.905266
              ],
              [
                128.35107400000015,
                34.9313810000001
              ],
              [
                128.329132,
                34.949432
              ],
              [
                128.216064,
                34.93055
              ],
              [
                128.207733,
                34.92276800000013
              ],
              [
                128.208008,
                34.899719
              ],
              [
                128.203857,
                34.88832900000011
              ],
              [
                128.154144,
                34.894440000000145
              ],
              [
                128.06665,
                34.92443800000012
              ],
              [
                128.050262,
                34.937492
              ],
              [
                128.046936,
                34.947487
              ],
              [
                127.909416,
                34.955269
              ],
              [
                127.883041,
                34.943047
              ],
              [
                127.830833,
                34.946655
              ],
              [
                127.660812,
                34.905266
              ],
              [
                127.63526900000011,
                34.901657000000114
              ],
              [
                127.61859100000015,
                34.910545
              ],
              [
                127.605553,
                34.938599000000124
              ],
              [
                127.593323,
                34.941658
              ],
              [
                127.569153,
                34.91777000000013
              ],
              [
                127.576393,
                34.88694
              ],
              [
                127.611366,
                34.840828
              ],
              [
                127.654709,
                34.811935
              ],
              [
                127.673027,
                34.815544
              ],
              [
                127.690262,
                34.830276
              ],
              [
                127.71082300000012,
                34.84054600000013
              ],
              [
                127.773613,
                34.84388000000013
              ],
              [
                127.76944,
                34.794998
              ],
              [
                127.743874,
                34.72332
              ],
              [
                127.634987,
                34.614998
              ],
              [
                127.556374,
                34.651382000000126
              ],
              [
                127.556374,
                34.692215
              ],
              [
                127.562759,
                34.717491
              ],
              [
                127.52249100000017,
                34.856941
              ],
              [
                127.41832000000011,
                34.81860400000011
              ],
              [
                127.363876,
                34.75138900000013
              ],
              [
                127.391937,
                34.69832600000012
              ],
              [
                127.429428,
                34.67694100000011
              ],
              [
                127.48887600000012,
                34.637772
              ],
              [
                127.514427,
                34.591377
              ],
              [
                127.389427,
                34.4711
              ],
              [
                127.24359100000015,
                34.511383
              ],
              [
                127.13970900000015,
                34.515831
              ],
              [
                127.12915,
                34.527771
              ],
              [
                127.123306,
                34.54805
              ],
              [
                127.13165300000014,
                34.565269
              ],
              [
                127.206383,
                34.635551000000135
              ],
              [
                127.213043,
                34.627213
              ],
              [
                127.211113,
                34.614159
              ],
              [
                127.19165,
                34.574715
              ],
              [
                127.20720700000015,
                34.568886
              ],
              [
                127.328598,
                34.652214
              ],
              [
                127.352768,
                34.692764
              ],
              [
                127.338318,
                34.73777
              ],
              [
                127.328598,
                34.74305
              ],
              [
                127.21666000000016,
                34.707497
              ],
              [
                127.09166,
                34.650543
              ],
              [
                127.00972000000013,
                34.602219
              ],
              [
                126.98858600000017,
                34.531662
              ],
              [
                126.966377,
                34.504166
              ],
              [
                126.896942,
                34.449158
              ],
              [
                126.889427,
                34.412491
              ],
              [
                126.811653,
                34.445541000000105
              ],
              [
                126.799988,
                34.491936
              ],
              [
                126.804153,
                34.558327
              ],
              [
                126.799149,
                34.579437
              ],
              [
                126.78970300000015,
                34.586105
              ],
              [
                126.777481,
                34.585548
              ],
              [
                126.765549,
                34.573326
              ],
              [
                126.683868,
                34.434433000000126
              ],
              [
                126.594147,
                34.29943800000012
              ],
              [
                126.524986,
                34.316101
              ],
              [
                126.461929,
                34.473320000000115
              ],
              [
                126.463318,
                34.484718
              ],
              [
                126.31832900000018,
                34.564995000000124
              ],
              [
                126.288307,
                34.590271
              ],
              [
                126.265266,
                34.67083
              ],
              [
                126.28942900000015,
                34.742218
              ],
              [
                126.296944,
                34.751106
              ],
              [
                126.311371,
                34.749161
              ],
              [
                126.328323,
                34.7347180000001
              ],
              [
                126.351089,
                34.699158
              ],
              [
                126.45166000000017,
                34.578049
              ],
              [
                126.451393,
                34.648331
              ],
              [
                126.4727630000001,
                34.637215
              ],
              [
                126.52887,
                34.614159
              ],
              [
                126.606087,
                34.616661
              ],
              [
                126.618317,
                34.619438000000116
              ],
              [
                126.50305200000014,
                34.715271
              ],
              [
                126.47692900000015,
                34.724991
              ],
              [
                126.608032,
                34.779434
              ],
              [
                126.634987,
                34.782211
              ],
              [
                126.65971400000012,
                34.81276700000012
              ],
              [
                126.539978,
                34.873047
              ],
              [
                126.531097,
                34.803879
              ],
              [
                126.514999,
                34.778877
              ],
              [
                126.499153,
                34.7761
              ],
              [
                126.37580900000012,
                34.785553
              ],
              [
                126.36914100000013,
                34.793884
              ],
              [
                126.378593,
                34.80915800000014
              ],
              [
                126.433594,
                34.963608
              ],
              [
                126.376083,
                34.9405440000001
              ],
              [
                126.34387200000015,
                34.917496
              ],
              [
                126.33276400000011,
                34.922493
              ],
              [
                126.318047,
                34.932213
              ],
              [
                126.24832200000014,
                35.110275
              ],
              [
                126.251099,
                35.123322
              ],
              [
                126.263611,
                35.13472
              ],
              [
                126.344994,
                35.151657
              ],
              [
                126.353043,
                35.132492
              ],
              [
                126.353317,
                35.120827
              ],
              [
                126.343323,
                35.106384000000105
              ],
              [
                126.343048,
                35.095543
              ],
              [
                126.41638200000011,
                35.020271
              ],
              [
                126.431374,
                35.023323
              ],
              [
                126.45887800000014,
                35.090546
              ],
              [
                126.443863,
                35.100548
              ],
              [
                126.42082200000016,
                35.111664
              ],
              [
                126.387497,
                35.147774
              ],
              [
                126.36360200000013,
                35.227768
              ],
              [
                126.387497,
                35.336937
              ],
              [
                126.424988,
                35.411659
              ],
              [
                126.44135300000016,
                35.430191
              ],
              [
                126.45694,
                35.462494
              ],
              [
                126.49165300000016,
                35.50972
              ],
              [
                126.523041,
                35.524994000000106
              ],
              [
                126.619431,
                35.54694400000011
              ],
              [
                126.683868,
                35.528877
              ],
              [
                126.687477,
                35.539162
              ],
              [
                126.669144,
                35.588043
              ],
              [
                126.6586,
                35.59415400000012
              ],
              [
                126.643883,
                35.594711
              ],
              [
                126.535812,
                35.585548
              ],
              [
                126.514999,
                35.575829
              ],
              [
                126.498596,
                35.578049
              ],
              [
                126.477203,
                35.5961
              ],
              [
                126.46859700000016,
                35.609161
              ],
              [
                126.479431,
                35.639992
              ],
              [
                126.642487,
                35.742218
              ],
              [
                126.70665,
                35.770828
              ],
              [
                126.75193800000011,
                35.778328
              ],
              [
                126.78830700000015,
                35.894714
              ],
              [
                126.733047,
                35.88249200000013
              ],
              [
                126.61998000000017,
                35.888603
              ],
              [
                126.614151,
                35.896103
              ],
              [
                126.615257,
                35.925827
              ],
              [
                126.631653,
                35.96720900000014
              ],
              [
                126.705261,
                35.984718
              ],
              [
                126.85355400000014,
                36.035271
              ],
              [
                126.872993,
                36.054718
              ],
              [
                126.869217,
                36.0606
              ],
              [
                126.739471,
                36.00580600000012
              ],
              [
                126.688873,
                35.999985
              ],
              [
                126.67363000000012,
                36.00470700000011
              ],
              [
                126.536636,
                36.219162
              ],
              [
                126.480553,
                36.481102
              ],
              [
                126.46582,
                36.579994
              ],
              [
                126.500267,
                36.591934
              ],
              [
                126.51249700000017,
                36.587494
              ],
              [
                126.52469600000018,
                36.586937
              ],
              [
                126.5269320000001,
                36.598602
              ],
              [
                126.49720800000011,
                36.72387700000013
              ],
              [
                126.469437,
                36.74360700000011
              ],
              [
                126.347488,
                36.73999
              ],
              [
                126.30748,
                36.697212
              ],
              [
                126.304703,
                36.687492
              ],
              [
                126.322769,
                36.661659
              ],
              [
                126.336929,
                36.645546
              ],
              [
                126.293053,
                36.58194
              ],
              [
                126.298866,
                36.639435000000105
              ],
              [
                126.272774,
                36.717491
              ],
              [
                126.251389,
                36.707497
              ],
              [
                126.24387400000012,
                36.689713
              ],
              [
                126.234993,
                36.682495
              ],
              [
                126.192749,
                36.671379
              ],
              [
                126.17276000000015,
                36.67276800000013
              ],
              [
                126.128036,
                36.705269
              ],
              [
                126.12886000000015,
                36.751663
              ],
              [
                126.19166600000017,
                36.819885
              ],
              [
                126.188309,
                36.882492
              ],
              [
                126.291092,
                36.962494
              ],
              [
                126.304428,
                36.962212
              ],
              [
                126.32166300000017,
                36.884438
              ],
              [
                126.31442300000015,
                36.86776700000013
              ],
              [
                126.280548,
                36.815269
              ],
              [
                126.280273,
                36.804436
              ],
              [
                126.28942900000015,
                36.785828
              ],
              [
                126.324707,
                36.80387900000011
              ],
              [
                126.415092,
                36.896713
              ],
              [
                126.4137730000001,
                36.914883000000145
              ],
              [
                126.407211,
                36.935822000000144
              ],
              [
                126.38304100000016,
                36.929436
              ],
              [
                126.348328,
                36.95249200000012
              ],
              [
                126.33499100000017,
                36.9855500000001
              ],
              [
                126.34999100000016,
                36.994438
              ],
              [
                126.392761,
                37.004715
              ],
              [
                126.429428,
                37.004715
              ],
              [
                126.442467,
                36.99971800000014
              ],
              [
                126.478043,
                36.933601
              ],
              [
                126.476646,
                36.922218
              ],
              [
                126.461983,
                36.898216000000104
              ],
              [
                126.463318,
                36.863884
              ],
              [
                126.472488,
                36.8394320000001
              ],
              [
                126.483322,
                36.84249100000011
              ],
              [
                126.495529,
                36.864159
              ],
              [
                126.51416,
                36.941376
              ],
              [
                126.499153,
                37.049721
              ],
              [
                126.517761,
                37.0522160000001
              ],
              [
                126.56749000000013,
                37.024994
              ],
              [
                126.61998000000017,
                36.9727630000001
              ],
              [
                126.76138300000014,
                36.969986
              ],
              [
                126.776657,
                36.967209
              ],
              [
                126.823318,
                36.913879
              ],
              [
                126.830551,
                36.894157
              ],
              [
                126.83415200000013,
                36.87276500000013
              ],
              [
                126.82887300000016,
                36.853607
              ],
              [
                126.828598,
                36.765831
              ],
              [
                126.83415200000013,
                36.756943
              ],
              [
                126.846367,
                36.752495000000124
              ],
              [
                126.99220300000013,
                36.91082
              ],
              [
                126.921654,
                36.916939
              ],
              [
                126.908043,
                36.919441
              ],
              [
                126.865807,
                36.950546
              ],
              [
                126.752777,
                37.04860700000012
              ],
              [
                126.77304100000015,
                37.118599
              ],
              [
                126.782211,
                37.125549
              ],
              [
                126.853043,
                37.138046
              ],
              [
                126.86525700000016,
                37.140831
              ],
              [
                126.869713,
                37.172218
              ],
              [
                126.769989,
                37.174164
              ],
              [
                126.75943,
                37.168884
              ],
              [
                126.723038,
                37.131660000000124
              ],
              [
                126.70748900000012,
                37.123604
              ],
              [
                126.68775900000014,
                37.124435
              ],
              [
                126.660812,
                37.161934
              ],
              [
                126.661926,
                37.253883
              ],
              [
                126.69941700000015,
                37.262215
              ],
              [
                126.766098,
                37.231934
              ],
              [
                126.86192300000016,
                37.262772
              ],
              [
                126.863602,
                37.27166
              ],
              [
                126.843323,
                37.30832700000013
              ],
              [
                126.814987,
                37.297493
              ],
              [
                126.801933,
                37.295547
              ],
              [
                126.722214,
                37.328049
              ],
              [
                126.7327580000001,
                37.38499500000012
              ],
              [
                126.71692700000017,
                37.386108
              ],
              [
                126.666092,
                37.404434
              ],
              [
                126.65637200000015,
                37.411102
              ],
              [
                126.621918,
                37.481377
              ],
              [
                126.63192700000013,
                37.487495
              ],
              [
                126.670822,
                37.484993
              ],
              [
                126.66277300000013,
                37.54055
              ],
              [
                126.65213000000017,
                37.56675
              ],
              [
                126.572487,
                37.619987
              ],
              [
                126.549988,
                37.642494
              ],
              [
                126.546371,
                37.652214
              ],
              [
                126.52939927999468,
                37.68558085326025
              ],
              [
                126.513893,
                37.59721400000012
              ],
              [
                126.448593,
                37.59221600000012
              ],
              [
                126.4102630000001,
                37.59388000000013
              ],
              [
                126.38638300000014,
                37.60527
              ],
              [
                126.375259,
                37.61721
              ],
              [
                126.371918,
                37.62693800000011
              ],
              [
                126.33043197116015,
                37.66143377871875
              ],
              [
                126.07485170368547,
                37.74737094687976
              ]
            ],
            [
              [
                127.068047,
                38.259995
              ],
              [
                127.058029,
                38.253883
              ],
              [
                127.06023042684792,
                38.255226094519315
              ],
              [
                127.068047,
                38.259995
              ]
            ],
            [
              [
                128.313599,
                38.531937
              ],
              [
                128.312744,
                38.51416
              ],
              [
                128.313599,
                38.520546
              ],
              [
                128.313599,
                38.531937
              ]
            ],
            [
              [
                128.279694,
                38.43027500000011
              ],
              [
                128.260529,
                38.411659
              ],
              [
                128.26961771441506,
                38.42048735938179
              ],
              [
                128.279694,
                38.43027500000011
              ]
            ]
          ],
          [
            [
              [
                126.445534,
                33.229431
              ],
              [
                126.424698,
                33.234718
              ],
              [
                126.416931,
                33.23555
              ],
              [
                126.34055300000011,
                33.227211
              ],
              [
                126.330833,
                33.225548
              ],
              [
                126.314697,
                33.21915400000012
              ],
              [
                126.30970800000011,
                33.216385
              ],
              [
                126.301086,
                33.209435
              ],
              [
                126.297211,
                33.205269
              ],
              [
                126.290543,
                33.195541
              ],
              [
                126.285812,
                33.193047
              ],
              [
                126.27388,
                33.190269
              ],
              [
                126.26638800000012,
                33.190826
              ],
              [
                126.261108,
                33.193878
              ],
              [
                126.226929,
                33.216385
              ],
              [
                126.20720700000015,
                33.229431
              ],
              [
                126.18609600000013,
                33.24749
              ],
              [
                126.170532,
                33.262497
              ],
              [
                126.157761,
                33.278877000000136
              ],
              [
                126.15525800000012,
                33.289436
              ],
              [
                126.158333,
                33.314713
              ],
              [
                126.176376,
                33.344154
              ],
              [
                126.183594,
                33.352776
              ],
              [
                126.270264,
                33.422768
              ],
              [
                126.312477,
                33.450272
              ],
              [
                126.31749,
                33.452774
              ],
              [
                126.372208,
                33.47304500000013
              ],
              [
                126.378036,
                33.47470900000013
              ],
              [
                126.633614,
                33.531662
              ],
              [
                126.695824,
                33.539993
              ],
              [
                126.793053,
                33.550827
              ],
              [
                126.813026,
                33.55193300000013
              ],
              [
                126.821381,
                33.550545
              ],
              [
                126.827477,
                33.547775
              ],
              [
                126.835823,
                33.54055000000011
              ],
              [
                126.839661,
                33.536369
              ],
              [
                126.890823,
                33.525269
              ],
              [
                126.898041,
                33.52332300000012
              ],
              [
                126.941093,
                33.45388
              ],
              [
                126.936653,
                33.424438
              ],
              [
                126.918869,
                33.392769
              ],
              [
                126.915817,
                33.387772
              ],
              [
                126.908333,
                33.379158
              ],
              [
                126.847488,
                33.311661
              ],
              [
                126.843048,
                33.308327
              ],
              [
                126.76470900000015,
                33.282768
              ],
              [
                126.725273,
                33.270271
              ],
              [
                126.622208,
                33.23999
              ],
              [
                126.599426,
                33.23333000000014
              ],
              [
                126.586929,
                33.231377
              ],
              [
                126.508614,
                33.223602
              ],
              [
                126.48248300000012,
                33.221375
              ],
              [
                126.47608900000012,
                33.22248800000011
              ],
              [
                126.445534,
                33.229431
              ]
            ]
          ],
          [
            [
              [
                126.648041,
                34.320274
              ],
              [
                126.64582800000017,
                34.324997
              ],
              [
                126.649147,
                34.349998
              ],
              [
                126.654709,
                34.370544
              ],
              [
                126.65776100000016,
                34.375549
              ],
              [
                126.663879,
                34.382492
              ],
              [
                126.668869,
                34.384995
              ],
              [
                126.687187,
                34.388885
              ],
              [
                126.694138,
                34.38916
              ],
              [
                126.701393,
                34.38694
              ],
              [
                126.713882,
                34.37832600000013
              ],
              [
                126.73082,
                34.363884
              ],
              [
                126.77082800000017,
                34.296387
              ],
              [
                126.77498600000013,
                34.286942
              ],
              [
                126.771927,
                34.281937
              ],
              [
                126.765549,
                34.280823
              ],
              [
                126.7391510000001,
                34.278603
              ],
              [
                126.731369,
                34.279160000000104
              ],
              [
                126.70082100000013,
                34.284164
              ],
              [
                126.695534,
                34.287216
              ],
              [
                126.65138200000013,
                34.316101
              ],
              [
                126.648041,
                34.320274
              ]
            ]
          ],
          [
            [
              [
                127.1141510000001,
                34.463882000000126
              ],
              [
                127.12580900000012,
                34.471657
              ],
              [
                127.13165300000014,
                34.473602
              ],
              [
                127.199142,
                34.485268
              ],
              [
                127.213043,
                34.48555
              ],
              [
                127.222717,
                34.483627000000126
              ],
              [
                127.239433,
                34.4741590000001
              ],
              [
                127.24359100000015,
                34.470543
              ],
              [
                127.245819,
                34.465828
              ],
              [
                127.244141,
                34.453323
              ],
              [
                127.241653,
                34.447212
              ],
              [
                127.232758,
                34.43110700000011
              ],
              [
                127.22886700000015,
                34.426659
              ],
              [
                127.219437,
                34.420547
              ],
              [
                127.213608,
                34.418884
              ],
              [
                127.160538,
                34.414436
              ],
              [
                127.145828,
                34.414993
              ],
              [
                127.133614,
                34.420273
              ],
              [
                127.11580700000013,
                34.434433000000126
              ],
              [
                127.111366,
                34.460274
              ],
              [
                127.1141510000001,
                34.463882000000126
              ]
            ]
          ],
          [
            [
              [
                127.711929,
                34.526657
              ],
              [
                127.71582,
                34.530823
              ],
              [
                127.741364,
                34.538887
              ],
              [
                127.751099,
                34.54193900000013
              ],
              [
                127.764427,
                34.540833
              ],
              [
                127.77082800000017,
                34.53833
              ],
              [
                127.776321,
                34.533669
              ],
              [
                127.78637700000013,
                34.519440000000145
              ],
              [
                127.798317,
                34.490829
              ],
              [
                127.798317,
                34.484993000000145
              ],
              [
                127.795258,
                34.47971300000012
              ],
              [
                127.790817,
                34.47637900000012
              ],
              [
                127.785538,
                34.473877
              ],
              [
                127.780823,
                34.47470900000013
              ],
              [
                127.758331,
                34.487495
              ],
              [
                127.716087,
                34.517212
              ],
              [
                127.713043,
                34.521378
              ],
              [
                127.711929,
                34.526657
              ]
            ]
          ],
          [
            [
              [
                126.10608700000012,
                34.387215
              ],
              [
                126.101646,
                34.39666000000011
              ],
              [
                126.099152,
                34.406937
              ],
              [
                126.098877,
                34.412766
              ],
              [
                126.09971600000017,
                34.419159
              ],
              [
                126.10192900000015,
                34.424995
              ],
              [
                126.23887600000012,
                34.569992
              ],
              [
                126.243317,
                34.573326
              ],
              [
                126.253326,
                34.573051
              ],
              [
                126.27332300000012,
                34.56582600000013
              ],
              [
                126.29831700000011,
                34.555824
              ],
              [
                126.33499100000017,
                34.539993
              ],
              [
                126.376923,
                34.498878
              ],
              [
                126.380257,
                34.494713
              ],
              [
                126.38111900000013,
                34.491653
              ],
              [
                126.383331,
                34.483879
              ],
              [
                126.383614,
                34.478325
              ],
              [
                126.382751,
                34.471931
              ],
              [
                126.36775200000011,
                34.441658
              ],
              [
                126.346939,
                34.40470900000014
              ],
              [
                126.342484,
                34.401382
              ],
              [
                126.261932,
                34.37137600000011
              ],
              [
                126.25637800000015,
                34.369713
              ],
              [
                126.199142,
                34.353325
              ],
              [
                126.186653,
                34.351387
              ],
              [
                126.17970300000013,
                34.35110500000013
              ],
              [
                126.171921,
                34.35193600000014
              ],
              [
                126.150269,
                34.354439
              ],
              [
                126.1436000000001,
                34.3555530000001
              ],
              [
                126.112488,
                34.378876
              ],
              [
                126.10608700000012,
                34.387215
              ]
            ]
          ],
          [
            [
              [
                127.739967,
                34.604439
              ],
              [
                127.73664900000017,
                34.608604
              ],
              [
                127.734421,
                34.613327
              ],
              [
                127.733322,
                34.61859900000013
              ],
              [
                127.73304700000017,
                34.635826
              ],
              [
                127.736923,
                34.639992
              ],
              [
                127.76805100000013,
                34.66415400000011
              ],
              [
                127.794144,
                34.661377
              ],
              [
                127.81218700000011,
                34.64138800000012
              ],
              [
                127.81275900000014,
                34.621933000000126
              ],
              [
                127.806641,
                34.5816650000001
              ],
              [
                127.803864,
                34.575554
              ],
              [
                127.799713,
                34.57222
              ],
              [
                127.793053,
                34.573326
              ],
              [
                127.78665200000012,
                34.576103
              ],
              [
                127.758614,
                34.5908280000001
              ],
              [
                127.74832200000014,
                34.596939000000134
              ],
              [
                127.739967,
                34.604439
              ]
            ]
          ],
          [
            [
              [
                125.91442900000015,
                34.685822
              ],
              [
                125.914993,
                34.692215
              ],
              [
                125.9180530000001,
                34.69748700000014
              ],
              [
                125.92330900000013,
                34.699997
              ],
              [
                125.9561000000001,
                34.712769
              ],
              [
                125.981369,
                34.716934
              ],
              [
                125.99379,
                34.707802
              ],
              [
                126.003052,
                34.700272
              ],
              [
                126.006378,
                34.696098
              ],
              [
                126.008614,
                34.691376
              ],
              [
                126.006104,
                34.685547
              ],
              [
                126.002487,
                34.681107
              ],
              [
                125.991364,
                34.668053
              ],
              [
                125.971916,
                34.647217000000126
              ],
              [
                125.96360800000014,
                34.648605
              ],
              [
                125.92637600000012,
                34.668884
              ],
              [
                125.91776300000015,
                34.676102
              ],
              [
                125.915543,
                34.680824
              ],
              [
                125.91442900000015,
                34.685822
              ]
            ]
          ],
          [
            [
              [
                126.005257,
                34.768326000000116
              ],
              [
                126.008614,
                34.76416
              ],
              [
                126.009163,
                34.759995
              ],
              [
                126.00332600000013,
                34.75804900000014
              ],
              [
                125.995819,
                34.758606
              ],
              [
                125.988312,
                34.760551
              ],
              [
                125.983597,
                34.75804900000014
              ],
              [
                125.98027000000013,
                34.752777
              ],
              [
                125.97387700000013,
                34.751938
              ],
              [
                125.966927,
                34.75444
              ],
              [
                125.951103,
                34.756660000000124
              ],
              [
                125.945251,
                34.754715
              ],
              [
                125.94081100000017,
                34.751106
              ],
              [
                125.93830900000012,
                34.74527
              ],
              [
                125.939148,
                34.728043
              ],
              [
                125.93609600000013,
                34.722763
              ],
              [
                125.932213,
                34.718323
              ],
              [
                125.911926,
                34.716934
              ],
              [
                125.90442700000017,
                34.717766
              ],
              [
                125.890549,
                34.728043
              ],
              [
                125.88832100000013,
                34.732491
              ],
              [
                125.888893,
                34.738884
              ],
              [
                125.892212,
                34.751106
              ],
              [
                125.893883,
                34.763885
              ],
              [
                125.898041,
                34.767212
              ],
              [
                125.908333,
                34.772766
              ],
              [
                125.915268,
                34.772766
              ],
              [
                125.921654,
                34.77388000000013
              ],
              [
                125.944427,
                34.771935
              ],
              [
                125.95082100000013,
                34.773048
              ],
              [
                125.955833,
                34.775826
              ],
              [
                125.97360200000014,
                34.789719
              ],
              [
                125.9791560000001,
                34.791664
              ],
              [
                125.985527,
                34.79249600000014
              ],
              [
                125.993042,
                34.791939
              ],
              [
                126.000549,
                34.789993
              ],
              [
                126.0008160000001,
                34.791939
              ],
              [
                126.003883,
                34.789993
              ],
              [
                126.006378,
                34.785271
              ],
              [
                126.003052,
                34.773048
              ],
              [
                126.005257,
                34.768326000000116
              ]
            ]
          ],
          [
            [
              [
                127.973312,
                34.851936
              ],
              [
                127.97415200000012,
                34.85833
              ],
              [
                127.976929,
                34.864159
              ],
              [
                128.007751,
                34.907768
              ],
              [
                128.017212,
                34.913879
              ],
              [
                128.024139,
                34.913879
              ],
              [
                128.03137200000015,
                34.911659
              ],
              [
                128.035797,
                34.908043
              ],
              [
                128.065765,
                34.878525
              ],
              [
                128.075806,
                34.873878
              ],
              [
                128.078857,
                34.869713
              ],
              [
                128.085785,
                34.830276
              ],
              [
                128.08081100000015,
                34.827774
              ],
              [
                128.013306,
                34.832771
              ],
              [
                127.99720800000011,
                34.835266000000104
              ],
              [
                127.989967,
                34.837212000000136
              ],
              [
                127.97971300000017,
                34.84360500000014
              ],
              [
                127.973312,
                34.851936
              ]
            ]
          ],
          [
            [
              [
                126.002213,
                34.890274
              ],
              [
                126.057747,
                34.925552
              ],
              [
                126.06275900000014,
                34.928329
              ],
              [
                126.069992,
                34.92610200000013
              ],
              [
                126.075272,
                34.92305
              ],
              [
                126.076637,
                34.921349000000134
              ],
              [
                126.094437,
                34.909714
              ],
              [
                126.09108700000013,
                34.890274
              ],
              [
                126.089706,
                34.88499500000012
              ],
              [
                126.082207,
                34.866936
              ],
              [
                126.078598,
                34.862495
              ],
              [
                126.074158,
                34.859161
              ],
              [
                126.063599,
                34.854439
              ],
              [
                126.04248,
                34.85388200000011
              ],
              [
                125.993042,
                34.85833
              ],
              [
                125.986923,
                34.860825
              ],
              [
                125.983597,
                34.864998
              ],
              [
                125.98526000000015,
                34.868324
              ],
              [
                126.002213,
                34.890274
              ]
            ]
          ],
          [
            [
              [
                128.055542,
                34.813324
              ],
              [
                128.0691220000001,
                34.80832700000013
              ],
              [
                128.07330300000012,
                34.80471
              ],
              [
                128.075531,
                34.79999500000014
              ],
              [
                128.062469,
                34.706383
              ],
              [
                128.060791,
                34.701103
              ],
              [
                128.056641,
                34.69748700000014
              ],
              [
                128.044434,
                34.69499200000013
              ],
              [
                127.984993,
                34.696938
              ],
              [
                127.97720300000015,
                34.697769
              ],
              [
                127.888603,
                34.710548
              ],
              [
                127.88025700000014,
                34.712212
              ],
              [
                127.860527,
                34.719711
              ],
              [
                127.85720800000013,
                34.723877
              ],
              [
                127.852768,
                34.738884
              ],
              [
                127.82222000000013,
                34.843048
              ],
              [
                127.826927,
                34.855827
              ],
              [
                127.836929,
                34.879715
              ],
              [
                127.867752,
                34.917496
              ],
              [
                127.87552600000015,
                34.92610200000013
              ],
              [
                127.879967,
                34.92943600000012
              ],
              [
                127.885818,
                34.931107
              ],
              [
                127.898613,
                34.933052
              ],
              [
                127.915268,
                34.929993
              ],
              [
                127.92137100000014,
                34.9272160000001
              ],
              [
                127.926651,
                34.924164
              ],
              [
                127.93081700000016,
                34.920547
              ],
              [
                127.933868,
                34.91610000000014
              ],
              [
                127.93609600000013,
                34.911377
              ],
              [
                127.937714,
                34.901924
              ],
              [
                127.909714,
                34.874161
              ],
              [
                127.90664700000013,
                34.869156
              ],
              [
                127.909149,
                34.84721400000012
              ],
              [
                127.910263,
                34.841934
              ],
              [
                127.916382,
                34.832771
              ],
              [
                127.9561,
                34.800827
              ],
              [
                127.962196,
                34.798332
              ],
              [
                127.968048,
                34.79999500000014
              ],
              [
                127.990257,
                34.817215
              ],
              [
                128.00192300000015,
                34.820831
              ],
              [
                128.032471,
                34.817772
              ],
              [
                128.055542,
                34.813324
              ]
            ]
          ],
          [
            [
              [
                128.636108,
                34.707214
              ],
              [
                128.612457,
                34.701103
              ],
              [
                128.594116,
                34.697769
              ],
              [
                128.58828700000015,
                34.699432000000115
              ],
              [
                128.58523600000012,
                34.70388
              ],
              [
                128.60107400000015,
                34.760277
              ],
              [
                128.604126,
                34.80915800000014
              ],
              [
                128.60080000000016,
                34.830551
              ],
              [
                128.597748,
                34.834991
              ],
              [
                128.591919,
                34.836655
              ],
              [
                128.55218500000012,
                34.823608
              ],
              [
                128.53970300000015,
                34.81610100000012
              ],
              [
                128.53579700000012,
                34.811935
              ],
              [
                128.526093,
                34.80582400000014
              ],
              [
                128.521088,
                34.80915800000014
              ],
              [
                128.49801600000012,
                34.832214000000135
              ],
              [
                128.494965,
                34.83638
              ],
              [
                128.490509,
                34.845825000000104
              ],
              [
                128.488556,
                34.856384
              ],
              [
                128.490509,
                34.868881
              ],
              [
                128.494415,
                34.880272000000105
              ],
              [
                128.501923,
                34.887497
              ],
              [
                128.507202,
                34.889992
              ],
              [
                128.641083,
                34.95249200000012
              ],
              [
                128.663605,
                34.960274
              ],
              [
                128.71109000000013,
                34.976654
              ],
              [
                128.72821,
                34.943047
              ],
              [
                128.72995,
                34.942215
              ],
              [
                128.735229,
                34.933327
              ],
              [
                128.754425,
                34.882767
              ],
              [
                128.754425,
                34.87693800000011
              ],
              [
                128.743011,
                34.788048
              ],
              [
                128.741913,
                34.781662
              ],
              [
                128.68551600000012,
                34.724159
              ],
              [
                128.67996200000016,
                34.722214
              ],
              [
                128.641937,
                34.70916
              ],
              [
                128.636108,
                34.707214
              ]
            ]
          ],
          [
            [
              [
                126.0599820000001,
                35.090828
              ],
              [
                126.063873,
                35.094994
              ],
              [
                126.068047,
                35.09860200000014
              ],
              [
                126.11747700000012,
                35.130547
              ],
              [
                126.1372070000001,
                35.14222000000012
              ],
              [
                126.14888,
                35.145828
              ],
              [
                126.155823,
                35.146103
              ],
              [
                126.162201,
                35.143326000000116
              ],
              [
                126.14971900000012,
                35.133331
              ],
              [
                126.146942,
                35.132523
              ],
              [
                126.14444000000015,
                35.08027600000014
              ],
              [
                126.11554000000012,
                35.053047
              ],
              [
                126.10608700000012,
                35.046944
              ],
              [
                126.09971600000017,
                35.04583
              ],
              [
                126.093048,
                35.047218
              ],
              [
                126.059418,
                35.055267
              ],
              [
                126.05609100000015,
                35.059433
              ],
              [
                126.058319,
                35.08387800000014
              ],
              [
                126.0599820000001,
                35.090828
              ]
            ]
          ],
          [
            [
              [
                126.33582300000012,
                36.438599
              ],
              [
                126.32527200000015,
                36.559715
              ],
              [
                126.32499700000017,
                36.565544
              ],
              [
                126.32747700000016,
                36.571663
              ],
              [
                126.334427,
                36.581108
              ],
              [
                126.341927,
                36.588326
              ],
              [
                126.346939,
                36.591103
              ],
              [
                126.352768,
                36.592766
              ],
              [
                126.359993,
                36.593048
              ],
              [
                126.376373,
                36.590828
              ],
              [
                126.378593,
                36.586105
              ],
              [
                126.433868,
                36.41082
              ],
              [
                126.431931,
                36.403877000000136
              ],
              [
                126.428307,
                36.399719
              ],
              [
                126.42109700000015,
                36.399437
              ],
              [
                126.382202,
                36.40277100000014
              ],
              [
                126.375259,
                36.403877000000136
              ],
              [
                126.36554,
                36.41054500000013
              ],
              [
                126.338318,
                36.434158
              ],
              [
                126.33582300000012,
                36.438599
              ]
            ]
          ],
          [
            [
              [
                126.172447,
                36.836838
              ],
              [
                126.173866,
                36.829437
              ],
              [
                126.16943400000014,
                36.82582900000011
              ],
              [
                126.163597,
                36.82416500000011
              ],
              [
                126.159149,
                36.827774
              ],
              [
                126.15804300000013,
                36.833054
              ],
              [
                126.16110200000014,
                36.838043
              ],
              [
                126.166931,
                36.839989
              ],
              [
                126.172447,
                36.836838
              ]
            ]
          ],
          [
            [
              [
                130.80581700000016,
                37.507217
              ],
              [
                130.80581700000016,
                37.513054
              ],
              [
                130.807465,
                37.518326000000116
              ],
              [
                130.838562,
                37.529991
              ],
              [
                130.844696,
                37.53138
              ],
              [
                130.912201,
                37.545547
              ],
              [
                130.919434,
                37.545273
              ],
              [
                130.924133,
                37.51915700000012
              ],
              [
                130.9220580000001,
                37.515266
              ],
              [
                130.922485,
                37.48193400000014
              ],
              [
                130.920807,
                37.476654
              ],
              [
                130.887482,
                37.453323
              ],
              [
                130.875519,
                37.449997
              ],
              [
                130.868561,
                37.450829
              ],
              [
                130.81884800000012,
                37.467766
              ],
              [
                130.815796,
                37.471931
              ],
              [
                130.811646,
                37.481377
              ],
              [
                130.80581700000016,
                37.507217
              ]
            ]
          ],
          [
            [
              [
                124.609711,
                37.957214000000135
              ],
              [
                124.615257,
                37.968597
              ],
              [
                124.62387100000012,
                37.9741590000001
              ],
              [
                124.688873,
                37.982491
              ],
              [
                124.709991,
                37.984161
              ],
              [
                124.718048,
                37.983604
              ],
              [
                124.72554000000014,
                37.981659
              ],
              [
                124.72554000000014,
                37.97804300000013
              ],
              [
                124.73165900000015,
                37.97637900000012
              ],
              [
                124.743042,
                37.964714
              ],
              [
                124.745529,
                37.959991
              ],
              [
                124.746643,
                37.954712
              ],
              [
                124.74359100000015,
                37.949715
              ],
              [
                124.7391510000001,
                37.946098
              ],
              [
                124.701393,
                37.918053
              ],
              [
                124.695534,
                37.9161
              ],
              [
                124.651932,
                37.914436
              ],
              [
                124.643333,
                37.915825
              ],
              [
                124.63665800000012,
                37.918327
              ],
              [
                124.63304100000016,
                37.922493
              ],
              [
                124.613312,
                37.947487
              ],
              [
                124.609711,
                37.957214000000135
              ]
            ]
          ]
        ]
      }
    }
  ]
}